kmer,promoter_frequency,non_promoter_frequency,enrichment
AAAAAA,0.00362844702467344,0,3628447.0246734396
AAAAAC,0.001451378809869376,0,1451378.8098693758
AAAAAG,0.001451378809869376,0,1451378.8098693758
AAAAAT,0.00181422351233672,0,1814223.5123367198
AAAACA,0.000725689404934688,0,725689.4049346879
AAAACC,0.001451378809869376,0,1451378.8098693758
AAAACG,0.000725689404934688,0,725689.4049346879
AAAACT,0.001451378809869376,0,1451378.8098693758
AAAAGA,0.001451378809869376,0,1451378.8098693758
AAAAGC,0.000362844702467344,0,362844.70246734394
AAAAGT,0.000725689404934688,0,725689.4049346879
AAAATA,0.001451378809869376,0,1451378.8098693758
AAAATC,0.000362844702467344,0,362844.70246734394
AAAATT,0.001451378809869376,0,1451378.8098693758
AAACAA,0.000362844702467344,0,362844.70246734394
AAACAC,0.000725689404934688,0,725689.4049346879
AAACCA,0.000725689404934688,0,725689.4049346879
AAACCC,0.000362844702467344,0,362844.70246734394
AAACCG,0.000362844702467344,0,362844.70246734394
AAACCT,0.0010885341074020319,0,1088534.1074020318
AAACGG,0,0.001451378809869376,0.0
AAACGT,0.0010885341074020319,0.000725689404934688,1.4999979330028481
AAACTA,0.0010885341074020319,0,1088534.1074020318
AAACTC,0.000725689404934688,0,725689.4049346879
AAACTT,0.000725689404934688,0,725689.4049346879
AAAGAA,0.000725689404934688,0,725689.4049346879
AAAGAC,0.000362844702467344,0,362844.70246734394
AAAGAG,0.001451378809869376,0,1451378.8098693758
AAAGAT,0.000362844702467344,0,362844.70246734394
AAAGCG,0.000362844702467344,0,362844.70246734394
AAAGCT,0.000362844702467344,0,362844.70246734394
AAAGGA,0,0.001451378809869376,0.0
AAAGGC,0.000362844702467344,0,362844.70246734394
AAAGGT,0.000362844702467344,0,362844.70246734394
AAAGTG,0.000725689404934688,0,725689.4049346879
AAAGTT,0.0010885341074020319,0,1088534.1074020318
AAATAA,0.000725689404934688,0.000362844702467344,1.999994488015191
AAATAC,0.000725689404934688,0,725689.4049346879
AAATAT,0.0010885341074020319,0,1088534.1074020318
AAATCG,0.000725689404934688,0,725689.4049346879
AAATGA,0.000362844702467344,0,362844.70246734394
AAATGC,0.000725689404934688,0.001451378809869376,0.4999996555002374
AAATGG,0.000362844702467344,0,362844.70246734394
AAATTA,0.0010885341074020319,0,1088534.1074020318
AAATTC,0.000725689404934688,0,725689.4049346879
AAATTG,0.000725689404934688,0,725689.4049346879
AAATTT,0.000725689404934688,0,725689.4049346879
AACAAA,0.000725689404934688,0,725689.4049346879
AACAAG,0,0.001451378809869376,0.0
AACAAT,0.000362844702467344,0,362844.70246734394
AACACG,0.000725689404934688,0,725689.4049346879
AACACT,0.000725689404934688,0,725689.4049346879
AACAGA,0.000362844702467344,0,362844.70246734394
AACAGC,0,0.000362844702467344,0.0
AACAGT,0.000362844702467344,0,362844.70246734394
AACATA,0.000725689404934688,0,725689.4049346879
AACATC,0.000362844702467344,0.000362844702467344,0.9999972440075955
AACATT,0,0.00362844702467344,0.0
AACCAA,0.000725689404934688,0,725689.4049346879
AACCAC,0.000725689404934688,0,725689.4049346879
AACCAT,0.000725689404934688,0.0010885341074020319,0.6666660542227849
AACCCA,0.000362844702467344,0,362844.70246734394
AACCCC,0.000362844702467344,0,362844.70246734394
AACCCT,0.000362844702467344,0,362844.70246734394
AACCGA,0,0.00181422351233672,0.0
AACCGT,0.000362844702467344,0,362844.70246734394
AACCTA,0.000725689404934688,0,725689.4049346879
AACCTC,0,0.000725689404934688,0.0
AACCTT,0.000362844702467344,0,362844.70246734394
AACGAC,0,0.000362844702467344,0.0
AACGAG,0,0.001451378809869376,0.0
AACGCA,0.000725689404934688,0.0010885341074020319,0.6666660542227849
AACGCG,0.000362844702467344,0,362844.70246734394
AACGCT,0.000362844702467344,0.00181422351233672,0.19999988976006078
AACGGG,0,0.001451378809869376,0.0
AACGTA,0.000362844702467344,0,362844.70246734394
AACGTC,0.000362844702467344,0.000725689404934688,0.4999993110009494
AACGTG,0.000725689404934688,0,725689.4049346879
AACGTT,0.000362844702467344,0.0010885341074020319,0.33333302711139245
AACTAA,0.000725689404934688,0,725689.4049346879
AACTAC,0,0.000362844702467344,0.0
AACTAG,0.001451378809869376,0,1451378.8098693758
AACTAT,0.000362844702467344,0.0010885341074020319,0.33333302711139245
AACTCA,0,0.0010885341074020319,0.0
AACTCC,0.0010885341074020319,0,1088534.1074020318
AACTCG,0.000362844702467344,0,362844.70246734394
AACTCT,0.0010885341074020319,0,1088534.1074020318
AACTGA,0.000362844702467344,0,362844.70246734394
AACTGT,0.000725689404934688,0,725689.4049346879
AACTTA,0.000362844702467344,0,362844.70246734394
AACTTG,0,0.00181422351233672,0.0
AACTTT,0.000362844702467344,0,362844.70246734394
AAGAAA,0.001451378809869376,0,1451378.8098693758
AAGAAC,0,0.000725689404934688,0.0
AAGAAG,0,0.000725689404934688,0.0
AAGACA,0.000362844702467344,0,362844.70246734394
AAGACC,0,0.000362844702467344,0.0
AAGAGG,0.0010885341074020319,0.000725689404934688,1.4999979330028481
AAGAGT,0.000362844702467344,0,362844.70246734394
AAGATC,0.000362844702467344,0,362844.70246734394
AAGATG,0,0.000725689404934688,0.0
AAGATT,0.000362844702467344,0.001451378809869376,0.2499998277501187
AAGCAA,0.000362844702467344,0,362844.70246734394
AAGCAT,0,0.000362844702467344,0.0
AAGCCA,0.000362844702467344,0,362844.70246734394
AAGCGA,0,0.0010885341074020319,0.0
AAGCGG,0.000362844702467344,0,362844.70246734394
AAGCGT,0.000362844702467344,0,362844.70246734394
AAGCTA,0,0.000725689404934688,0.0
AAGCTG,0.000725689404934688,0,725689.4049346879
AAGGAG,0.000362844702467344,0.00181422351233672,0.19999988976006078
AAGGCA,0,0.000725689404934688,0.0
AAGGCG,0.0010885341074020319,0,1088534.1074020318
AAGGCT,0.000362844702467344,0.001451378809869376,0.2499998277501187
AAGGGC,0.000362844702467344,0,362844.70246734394
AAGGGT,0,0.000362844702467344,0.0
AAGGTA,0.000725689404934688,0,725689.4049346879
AAGGTC,0,0.000725689404934688,0.0
AAGGTG,0,0.000725689404934688,0.0
AAGGTT,0.000362844702467344,0.000362844702467344,0.9999972440075955
AAGTAC,0.000362844702467344,0,362844.70246734394
AAGTAT,0.000362844702467344,0,362844.70246734394
AAGTCT,0.000362844702467344,0,362844.70246734394
AAGTGC,0.000362844702467344,0.000725689404934688,0.4999993110009494
AAGTGG,0.000362844702467344,0,362844.70246734394
AAGTGT,0.000362844702467344,0,362844.70246734394
AAGTTA,0.000362844702467344,0,362844.70246734394
AAGTTC,0.000725689404934688,0,725689.4049346879
AAGTTG,0.000362844702467344,0,362844.70246734394
AATAAA,0.000362844702467344,0.000362844702467344,0.9999972440075955
AATAAC,0.000725689404934688,0,725689.4049346879
AATAAG,0,0.000362844702467344,0.0
AATAAT,0.000725689404934688,0,725689.4049346879
AATACG,0.000362844702467344,0,362844.70246734394
AATACT,0.001451378809869376,0,1451378.8098693758
AATAGA,0.000362844702467344,0.000362844702467344,0.9999972440075955
AATATA,0.0010885341074020319,0,1088534.1074020318
AATATC,0.000362844702467344,0,362844.70246734394
AATATG,0,0.000725689404934688,0.0
AATATT,0.000725689404934688,0,725689.4049346879
AATCAA,0.000362844702467344,0.001451378809869376,0.2499998277501187
AATCAG,0,0.001451378809869376,0.0
AATCAT,0.000362844702467344,0,362844.70246734394
AATCCA,0,0.000362844702467344,0.0
AATCGA,0.000362844702467344,0,362844.70246734394
AATCGC,0.000725689404934688,0.0010885341074020319,0.6666660542227849
AATCTA,0.000362844702467344,0,362844.70246734394
AATCTC,0,0.0010885341074020319,0.0
AATCTT,0.000725689404934688,0,725689.4049346879
AATGAA,0.000362844702467344,0,362844.70246734394
AATGAG,0.000362844702467344,0.000362844702467344,0.9999972440075955
AATGCC,0.000725689404934688,0,725689.4049346879
AATGCG,0.003265602322206096,0,3265602.322206096
AATGCT,0.0010885341074020319,0.001451378809869376,0.749999483250356
AATGGC,0.000725689404934688,0.0021770682148040637,0.3333331802222926
AATGGT,0.000362844702467344,0,362844.70246734394
AATGTA,0.000362844702467344,0,362844.70246734394
AATGTC,0,0.000362844702467344,0.0
AATGTG,0.000362844702467344,0,362844.70246734394
AATGTT,0,0.0010885341074020319,0.0
AATTAA,0.00181422351233672,0,1814223.5123367198
AATTAC,0.000362844702467344,0,362844.70246734394
AATTCA,0.000362844702467344,0,362844.70246734394
AATTCG,0.000725689404934688,0,725689.4049346879
AATTCT,0.000362844702467344,0,362844.70246734394
AATTGA,0.000362844702467344,0,362844.70246734394
AATTGC,0.000362844702467344,0,362844.70246734394
AATTGG,0.000362844702467344,0,362844.70246734394
AATTGT,0.000725689404934688,0,725689.4049346879
AATTTA,0.000362844702467344,0,362844.70246734394
AATTTC,0.000725689404934688,0,725689.4049346879
AATTTG,0.000725689404934688,0,725689.4049346879
AATTTT,0.001451378809869376,0,1451378.8098693758
ACAAAA,0.00181422351233672,0,1814223.5123367198
ACAAAC,0.000362844702467344,0,362844.70246734394
ACAACT,0,0.00181422351233672,0.0
ACAAGA,0,0.001451378809869376,0.0
ACAAGG,0.000725689404934688,0,725689.4049346879
ACAAGT,0.000362844702467344,0,362844.70246734394
ACAATA,0,0.000725689404934688,0.0
ACAATC,0.000725689404934688,0,725689.4049346879
ACAATT,0.0010885341074020319,0,1088534.1074020318
ACACAG,0,0.000725689404934688,0.0
ACACCA,0.000362844702467344,0,362844.70246734394
ACACCC,0.000362844702467344,0,362844.70246734394
ACACCG,0.000362844702467344,0,362844.70246734394
ACACCT,0.000362844702467344,0.000725689404934688,0.4999993110009494
ACACGA,0.000362844702467344,0,362844.70246734394
ACACGT,0.000362844702467344,0,362844.70246734394
ACACTT,0.00181422351233672,0,1814223.5123367198
ACAGAA,0.000362844702467344,0,362844.70246734394
ACAGAT,0,0.0010885341074020319,0.0
ACAGCA,0.000362844702467344,0.000362844702467344,0.9999972440075955
ACAGCC,0,0.000362844702467344,0.0
ACAGCG,0.000362844702467344,0,362844.70246734394
ACAGGA,0.000362844702467344,0,362844.70246734394
ACAGTA,0.000362844702467344,0,362844.70246734394
ACAGTT,0.0010885341074020319,0,1088534.1074020318
ACATAA,0.000362844702467344,0,362844.70246734394
ACATAC,0.000725689404934688,0,725689.4049346879
ACATCA,0.000362844702467344,0,362844.70246734394
ACATCC,0,0.000362844702467344,0.0
ACATCG,0.000362844702467344,0.000362844702467344,0.9999972440075955
ACATGA,0,0.000362844702467344,0.0
ACATTA,0,0.00181422351233672,0.0
ACATTC,0,0.000362844702467344,0.0
ACATTG,0,0.00181422351233672,0.0
ACATTT,0.000362844702467344,0,362844.70246734394
ACCAAA,0.000362844702467344,0,362844.70246734394
ACCAAG,0,0.000362844702467344,0.0
ACCAAT,0.000362844702467344,0,362844.70246734394
ACCACC,0.000362844702467344,0,362844.70246734394
ACCACG,0,0.000362844702467344,0.0
ACCACT,0.0010885341074020319,0,1088534.1074020318
ACCAGC,0,0.000362844702467344,0.0
ACCAGT,0.000362844702467344,0,362844.70246734394
ACCATC,0.000362844702467344,0,362844.70246734394
ACCATG,0.000362844702467344,0,362844.70246734394
ACCATT,0.000362844702467344,0.0010885341074020319,0.33333302711139245
ACCCAC,0.000362844702467344,0,362844.70246734394
ACCCAT,0.000362844702467344,0,362844.70246734394
ACCCCA,0.000362844702467344,0,362844.70246734394
ACCCCC,0.000362844702467344,0,362844.70246734394
ACCCCG,0.000362844702467344,0,362844.70246734394
ACCCCT,0.000362844702467344,0,362844.70246734394
ACCCGG,0.000362844702467344,0,362844.70246734394
ACCCTC,0.000362844702467344,0,362844.70246734394
ACCCTT,0,0.000725689404934688,0.0
ACCGAA,0,0.00181422351233672,0.0
ACCGAC,0,0.001451378809869376,0.0
ACCGAG,0,0.000725689404934688,0.0
ACCGCC,0.000362844702467344,0,362844.70246734394
ACCGCT,0,0.00181422351233672,0.0
ACCGGA,0.000362844702467344,0,362844.70246734394
ACCGTG,0.000362844702467344,0,362844.70246734394
ACCTAA,0.000362844702467344,0,362844.70246734394
ACCTAC,0,0.000725689404934688,0.0
ACCTAT,0.000362844702467344,0,362844.70246734394
ACCTCA,0,0.000725689404934688,0.0
ACCTCC,0,0.000725689404934688,0.0
ACCTCG,0.000362844702467344,0,362844.70246734394
ACCTGA,0.000362844702467344,0.000725689404934688,0.4999993110009494
ACCTGC,0.000362844702467344,0.000362844702467344,0.9999972440075955
ACCTTA,0.000362844702467344,0,362844.70246734394
ACCTTC,0.000362844702467344,0,362844.70246734394
ACCTTT,0.000725689404934688,0,725689.4049346879
ACGAAA,0.000362844702467344,0,362844.70246734394
ACGACA,0,0.000362844702467344,0.0
ACGACC,0,0.000725689404934688,0.0
ACGACG,0.000725689404934688,0.000362844702467344,1.999994488015191
ACGAGG,0.000362844702467344,0,362844.70246734394
ACGAGT,0.000362844702467344,0.001451378809869376,0.2499998277501187
ACGATA,0.000362844702467344,0.000725689404934688,0.4999993110009494
ACGATC,0.000725689404934688,0,725689.4049346879
ACGATG,0,0.001451378809869376,0.0
ACGCAA,0.000362844702467344,0.000362844702467344,0.9999972440075955
ACGCAC,0,0.000725689404934688,0.0
ACGCAG,0,0.0010885341074020319,0.0
ACGCAT,0.001451378809869376,0,1451378.8098693758
ACGCCA,0.000362844702467344,0.000725689404934688,0.4999993110009494
ACGCCG,0.000725689404934688,0,725689.4049346879
ACGCCT,0,0.000362844702467344,0.0
ACGCGC,0,0.000362844702467344,0.0
ACGCGG,0.000362844702467344,0.000725689404934688,0.4999993110009494
ACGCGT,0.000362844702467344,0,362844.70246734394
ACGCTA,0.000362844702467344,0.00181422351233672,0.19999988976006078
ACGCTC,0,0.000362844702467344,0.0
ACGCTG,0.000725689404934688,0.000725689404934688,0.9999986220018988
ACGCTT,0.0010885341074020319,0,1088534.1074020318
ACGGAT,0,0.000725689404934688,0.0
ACGGCG,0,0.0010885341074020319,0.0
ACGGGT,0,0.00181422351233672,0.0
ACGGTA,0.000362844702467344,0,362844.70246734394
ACGGTG,0,0.000725689404934688,0.0
ACGGTT,0.000362844702467344,0,362844.70246734394
ACGTAA,0.000362844702467344,0,362844.70246734394
ACGTAT,0.000362844702467344,0,362844.70246734394
ACGTCA,0.000362844702467344,0,362844.70246734394
ACGTCC,0.000362844702467344,0,362844.70246734394
ACGTCG,0.000362844702467344,0,362844.70246734394
ACGTCT,0,0.00181422351233672,0.0
ACGTGA,0.000362844702467344,0,362844.70246734394
ACGTGC,0,0.0010885341074020319,0.0
ACGTGG,0.000362844702467344,0,362844.70246734394
ACGTGT,0.000362844702467344,0,362844.70246734394
ACGTTA,0,0.000362844702467344,0.0
ACGTTC,0,0.00181422351233672,0.0
ACGTTG,0,0.001451378809869376,0.0
ACGTTT,0.0010885341074020319,0.000725689404934688,1.4999979330028481
ACTAAA,0.000362844702467344,0,362844.70246734394
ACTAAC,0.000725689404934688,0,725689.4049346879
ACTAAT,0.000725689404934688,0,725689.4049346879
ACTACC,0,0.000725689404934688,0.0
ACTACG,0,0.002902757619738752,0.0
ACTAGA,0.0010885341074020319,0,1088534.1074020318
ACTAGC,0.000362844702467344,0,362844.70246734394
ACTAGT,0.0010885341074020319,0,1088534.1074020318
ACTATA,0,0.0010885341074020319,0.0
ACTATT,0.0010885341074020319,0,1088534.1074020318
ACTCAA,0,0.00181422351233672,0.0
ACTCAC,0.000362844702467344,0,362844.70246734394
ACTCAT,0,0.000362844702467344,0.0
ACTCCA,0,0.0010885341074020319,0.0
ACTCCC,0.001451378809869376,0,1451378.8098693758
ACTCCT,0,0.000362844702467344,0.0
ACTCGC,0.000362844702467344,0,362844.70246734394
ACTCTC,0.000362844702467344,0,362844.70246734394
ACTCTG,0.001451378809869376,0.001451378809869376,0.9999993110004748
ACTCTT,0.000725689404934688,0,725689.4049346879
ACTGAA,0.000362844702467344,0,362844.70246734394
ACTGAC,0.000725689404934688,0.000362844702467344,1.999994488015191
ACTGAT,0.000362844702467344,0,362844.70246734394
ACTGCC,0,0.0010885341074020319,0.0
ACTGCG,0.000725689404934688,0,725689.4049346879
ACTGGA,0,0.0010885341074020319,0.0
ACTGTA,0.000362844702467344,0,362844.70246734394
ACTGTG,0,0.0021770682148040637,0.0
ACTGTT,0.000725689404934688,0,725689.4049346879
ACTTAA,0.000362844702467344,0,362844.70246734394
ACTTAG,0.000362844702467344,0,362844.70246734394
ACTTAT,0.000725689404934688,0,725689.4049346879
ACTTCC,0,0.000362844702467344,0.0
ACTTCT,0,0.000362844702467344,0.0
ACTTGA,0.000725689404934688,0.000362844702467344,1.999994488015191
ACTTGC,0,0.0025399129172714078,0.0
ACTTGT,0.001451378809869376,0,1451378.8098693758
ACTTTA,0.0010885341074020319,0,1088534.1074020318
ACTTTC,0,0.000725689404934688,0.0
ACTTTG,0.000362844702467344,0,362844.70246734394
ACTTTT,0.001451378809869376,0,1451378.8098693758
AGAAAA,0.0010885341074020319,0,1088534.1074020318
AGAAAC,0.000725689404934688,0,725689.4049346879
AGAAAG,0.000362844702467344,0,362844.70246734394
AGAAAT,0.000725689404934688,0,725689.4049346879
AGAACA,0.000362844702467344,0,362844.70246734394
AGAACT,0.000725689404934688,0.000725689404934688,0.9999986220018988
AGAAGA,0,0.000725689404934688,0.0
AGAATA,0.000725689404934688,0,725689.4049346879
AGAATG,0.0010885341074020319,0,1088534.1074020318
AGAATT,0.000362844702467344,0,362844.70246734394
AGACAA,0.000362844702467344,0,362844.70246734394
AGACAC,0.000362844702467344,0,362844.70246734394
AGACAT,0.000362844702467344,0,362844.70246734394
AGACCA,0,0.000362844702467344,0.0
AGACCC,0,0.000725689404934688,0.0
AGACCG,0,0.001451378809869376,0.0
AGACGT,0,0.0021770682148040637,0.0
AGACTG,0,0.0010885341074020319,0.0
AGACTT,0.000362844702467344,0.0010885341074020319,0.33333302711139245
AGAGAA,0.000362844702467344,0,362844.70246734394
AGAGAG,0,0.0010885341074020319,0.0
AGAGAT,0,0.000362844702467344,0.0
AGAGCA,0,0.001451378809869376,0.0
AGAGCC,0,0.000725689404934688,0.0
AGAGGA,0.000362844702467344,0.0010885341074020319,0.33333302711139245
AGAGGG,0,0.000725689404934688,0.0
AGAGGT,0.000725689404934688,0,725689.4049346879
AGAGTA,0.000362844702467344,0,362844.70246734394
AGAGTC,0.000362844702467344,0.000725689404934688,0.4999993110009494
AGAGTT,0.000362844702467344,0,362844.70246734394
AGATCA,0.000362844702467344,0,362844.70246734394
AGATGA,0,0.000725689404934688,0.0
AGATGC,0,0.002902757619738752,0.0
AGATGG,0,0.000362844702467344,0.0
AGATGT,0.000362844702467344,0,362844.70246734394
AGATTA,0.000362844702467344,0.001451378809869376,0.2499998277501187
AGATTC,0,0.0010885341074020319,0.0
AGATTT,0.000362844702467344,0,362844.70246734394
AGCAAA,0.000362844702467344,0,362844.70246734394
AGCAAT,0.000362844702467344,0,362844.70246734394
AGCACG,0,0.000725689404934688,0.0
AGCAGC,0,0.000362844702467344,0.0
AGCATA,0.000725689404934688,0,725689.4049346879
AGCATC,0,0.000362844702467344,0.0
AGCATG,0,0.00181422351233672,0.0
AGCATT,0,0.000725689404934688,0.0
AGCCAA,0.000362844702467344,0.000725689404934688,0.4999993110009494
AGCCAG,0.000362844702467344,0.000362844702467344,0.9999972440075955
AGCCAT,0.000725689404934688,0,725689.4049346879
AGCCCA,0.000362844702467344,0,362844.70246734394
AGCCGA,0.000362844702467344,0,362844.70246734394
AGCCTC,0.000362844702467344,0.0039912917271407835,0.0909090681322371
AGCCTG,0.000362844702467344,0.000362844702467344,0.9999972440075955
AGCCTT,0,0.0010885341074020319,0.0
AGCGAA,0,0.000362844702467344,0.0
AGCGAG,0.000362844702467344,0.0010885341074020319,0.33333302711139245
AGCGCA,0,0.0010885341074020319,0.0
AGCGCC,0.000362844702467344,0.000362844702467344,0.9999972440075955
AGCGGA,0.000362844702467344,0,362844.70246734394
AGCGGC,0.000362844702467344,0.000362844702467344,0.9999972440075955
AGCGGG,0.000725689404934688,0,725689.4049346879
AGCGGT,0.000362844702467344,0,362844.70246734394
AGCGTA,0.000362844702467344,0.000725689404934688,0.4999993110009494
AGCTAA,0,0.000725689404934688,0.0
AGCTGA,0.000362844702467344,0,362844.70246734394
AGCTGG,0.000362844702467344,0,362844.70246734394
AGCTGT,0.000362844702467344,0.000725689404934688,0.4999993110009494
AGCTTA,0.000725689404934688,0,725689.4049346879
AGCTTC,0,0.000725689404934688,0.0
AGGAAA,0.000362844702467344,0,362844.70246734394
AGGAAC,0,0.00181422351233672,0.0
AGGAAG,0,0.001451378809869376,0.0
AGGACG,0.000362844702467344,0.000362844702467344,0.9999972440075955
AGGACT,0,0.000725689404934688,0.0
AGGAGG,0.000362844702467344,0.0021770682148040637,0.1666665901111463
AGGATG,0.000362844702467344,0,362844.70246734394
AGGATT,0.000362844702467344,0.000725689404934688,0.4999993110009494
AGGCAC,0.000362844702467344,0,362844.70246734394
AGGCAT,0.000725689404934688,0.001451378809869376,0.4999996555002374
AGGCCG,0.000725689404934688,0,725689.4049346879
AGGCGA,0.000362844702467344,0,362844.70246734394
AGGCGT,0.000725689404934688,0,725689.4049346879
AGGCTA,0,0.000725689404934688,0.0
AGGCTC,0.000362844702467344,0.000362844702467344,0.9999972440075955
AGGCTG,0,0.0010885341074020319,0.0
AGGCTT,0.000362844702467344,0.000362844702467344,0.9999972440075955
AGGGCG,0.000362844702467344,0,362844.70246734394
AGGGGC,0.000362844702467344,0,362844.70246734394
AGGGGG,0.000362844702467344,0,362844.70246734394
AGGGGT,0,0.001451378809869376,0.0
AGGGTG,0,0.0010885341074020319,0.0
AGGGTT,0.000362844702467344,0,362844.70246734394
AGGTAA,0.000362844702467344,0,362844.70246734394
AGGTAG,0.000362844702467344,0,362844.70246734394
AGGTCA,0.000362844702467344,0.000725689404934688,0.4999993110009494
AGGTGA,0,0.000725689404934688,0.0
AGGTGC,0,0.000362844702467344,0.0
AGGTGG,0,0.000725689404934688,0.0
AGGTTA,0.000362844702467344,0,362844.70246734394
AGGTTG,0.000725689404934688,0.000362844702467344,1.999994488015191
AGGTTT,0.000725689404934688,0,725689.4049346879
AGTAAA,0.0010885341074020319,0,1088534.1074020318
AGTACG,0.000725689404934688,0.000725689404934688,0.9999986220018988
AGTAGA,0.000362844702467344,0.000725689404934688,0.4999993110009494
AGTATA,0.0010885341074020319,0,1088534.1074020318
AGTATG,0.000362844702467344,0.0010885341074020319,0.33333302711139245
AGTCAA,0.000362844702467344,0.001451378809869376,0.2499998277501187
AGTCAG,0.000362844702467344,0,362844.70246734394
AGTCCG,0.000362844702467344,0,362844.70246734394
AGTCGA,0.000362844702467344,0,362844.70246734394
AGTCGC,0.000725689404934688,0,725689.4049346879
AGTCTA,0.000362844702467344,0,362844.70246734394
AGTCTC,0,0.000725689404934688,0.0
AGTCTT,0,0.000362844702467344,0.0
AGTGCA,0.000362844702467344,0,362844.70246734394
AGTGCT,0.000362844702467344,0.002902757619738752,0.12499995693751484
AGTGGC,0.000362844702467344,0,362844.70246734394
AGTGGT,0.000362844702467344,0,362844.70246734394
AGTGTA,0.000362844702467344,0,362844.70246734394
AGTGTG,0.000362844702467344,0,362844.70246734394
AGTTAA,0.000362844702467344,0,362844.70246734394
AGTTAG,0.000725689404934688,0,725689.4049346879
AGTTAT,0.000362844702467344,0.000725689404934688,0.4999993110009494
AGTTCA,0.000362844702467344,0,362844.70246734394
AGTTCG,0,0.000362844702467344,0.0
AGTTCT,0.000362844702467344,0,362844.70246734394
AGTTGC,0.000362844702467344,0,362844.70246734394
AGTTGG,0.000362844702467344,0,362844.70246734394
AGTTGT,0.0010885341074020319,0,1088534.1074020318
AGTTTA,0.000362844702467344,0,362844.70246734394
AGTTTT,0.000362844702467344,0,362844.70246734394
ATAAAA,0.000725689404934688,0,725689.4049346879
ATAAAG,0.000362844702467344,0,362844.70246734394
ATAAAT,0.000362844702467344,0.00181422351233672,0.19999988976006078
ATAACC,0.0010885341074020319,0,1088534.1074020318
ATAACG,0,0.000725689404934688,0.0
ATAACT,0.0010885341074020319,0,1088534.1074020318
ATAAGA,0.000362844702467344,0,362844.70246734394
ATAAGG,0,0.000362844702467344,0.0
ATAATC,0.000725689404934688,0,725689.4049346879
ATAATG,0.003265602322206096,0,3265602.322206096
ATAATT,0.00181422351233672,0,1814223.5123367198
ATACAG,0.000362844702467344,0,362844.70246734394
ATACCC,0.000362844702467344,0,362844.70246734394
ATACCT,0.000362844702467344,0,362844.70246734394
ATACGA,0,0.001451378809869376,0.0
ATACGC,0.001451378809869376,0,1451378.8098693758
ATACGG,0.0010885341074020319,0.0010885341074020319,0.9999990813341774
ATACGT,0.000362844702467344,0,362844.70246734394
ATACTA,0.000362844702467344,0,362844.70246734394
ATACTC,0.000362844702467344,0,362844.70246734394
ATACTG,0.0010885341074020319,0,1088534.1074020318
ATACTT,0.001451378809869376,0,1451378.8098693758
ATAGAA,0.000362844702467344,0,362844.70246734394
ATAGAC,0.000725689404934688,0,725689.4049346879
ATAGCC,0,0.000362844702467344,0.0
ATAGCG,0.000725689404934688,0,725689.4049346879
ATAGGC,0.000362844702467344,0,362844.70246734394
ATAGTC,0.000725689404934688,0.000725689404934688,0.9999986220018988
ATAGTG,0.000362844702467344,0,362844.70246734394
ATATAA,0.000362844702467344,0,362844.70246734394
ATATAC,0.0010885341074020319,0,1088534.1074020318
ATATAG,0.000362844702467344,0,362844.70246734394
ATATCC,0.000362844702467344,0,362844.70246734394
ATATCT,0.000362844702467344,0,362844.70246734394
ATATGA,0.000362844702467344,0.0010885341074020319,0.33333302711139245
ATATGC,0.000362844702467344,0.00181422351233672,0.19999988976006078
ATATTA,0.000362844702467344,0,362844.70246734394
ATATTC,0.000362844702467344,0,362844.70246734394
ATATTT,0.0010885341074020319,0,1088534.1074020318
ATCAAA,0.000725689404934688,0,725689.4049346879
ATCAAC,0,0.000725689404934688,0.0
ATCAAG,0,0.000725689404934688,0.0
ATCAAT,0.000362844702467344,0.000725689404934688,0.4999993110009494
ATCAGA,0,0.001451378809869376,0.0
ATCAGC,0,0.0010885341074020319,0.0
ATCAGT,0.000362844702467344,0.000725689404934688,0.4999993110009494
ATCATA,0.000362844702467344,0,362844.70246734394
ATCATC,0.000362844702467344,0,362844.70246734394
ATCATG,0.000725689404934688,0,725689.4049346879
ATCCAC,0.000362844702467344,0,362844.70246734394
ATCCAG,0.000362844702467344,0,362844.70246734394
ATCCAT,0,0.000362844702467344,0.0
ATCCCA,0.000725689404934688,0,725689.4049346879
ATCCCT,0.000362844702467344,0.000362844702467344,0.9999972440075955
ATCCGC,0.000362844702467344,0,362844.70246734394
ATCCTA,0.000362844702467344,0,362844.70246734394
ATCCTC,0.000362844702467344,0,362844.70246734394
ATCCTG,0.000362844702467344,0,362844.70246734394
ATCCTT,0.000362844702467344,0.000362844702467344,0.9999972440075955
ATCGAA,0.0010885341074020319,0,1088534.1074020318
ATCGAC,0.0010885341074020319,0,1088534.1074020318
ATCGAT,0.000362844702467344,0,362844.70246734394
ATCGCA,0.0010885341074020319,0,1088534.1074020318
ATCGCC,0.0010885341074020319,0,1088534.1074020318
ATCGCT,0.000362844702467344,0.0010885341074020319,0.33333302711139245
ATCGGA,0.000362844702467344,0.000362844702467344,0.9999972440075955
ATCGGT,0,0.000725689404934688,0.0
ATCGTA,0.000362844702467344,0,362844.70246734394
ATCTAA,0.000362844702467344,0,362844.70246734394
ATCTAC,0,0.000362844702467344,0.0
ATCTCC,0.000362844702467344,0,362844.70246734394
ATCTCG,0.000362844702467344,0.001451378809869376,0.2499998277501187
ATCTGT,0.000362844702467344,0,362844.70246734394
ATCTTA,0.000725689404934688,0,725689.4049346879
ATCTTG,0.000362844702467344,0,362844.70246734394
ATCTTT,0.000362844702467344,0,362844.70246734394
ATGAAA,0.000362844702467344,0,362844.70246734394
ATGAAC,0.000725689404934688,0.00181422351233672,0.39999977952012156
ATGAAT,0.000362844702467344,0.000362844702467344,0.9999972440075955
ATGACC,0,0.000725689404934688,0.0
ATGACG,0.000362844702467344,0,362844.70246734394
ATGAGA,0,0.00181422351233672,0.0
ATGAGC,0.000725689404934688,0.000362844702467344,1.999994488015191
ATGAGG,0,0.000725689404934688,0.0
ATGATA,0.000725689404934688,0,725689.4049346879
ATGATG,0.000362844702467344,0,362844.70246734394
ATGCAA,0.000362844702467344,0,362844.70246734394
ATGCAC,0.000725689404934688,0,725689.4049346879
ATGCAG,0,0.0010885341074020319,0.0
ATGCAT,0.000362844702467344,0,362844.70246734394
ATGCCA,0,0.000362844702467344,0.0
ATGCCG,0.000362844702467344,0,362844.70246734394
ATGCCT,0.000362844702467344,0.001451378809869376,0.2499998277501187
ATGCGC,0.0039912917271407835,0.000725689404934688,5.499992421010443
ATGCGG,0,0.0010885341074020319,0.0
ATGCGT,0,0.000362844702467344,0.0
ATGCTA,0.0010885341074020319,0,1088534.1074020318
ATGCTG,0,0.000725689404934688,0.0
ATGCTT,0.001451378809869376,0.001451378809869376,0.9999993110004748
ATGGAA,0.000362844702467344,0,362844.70246734394
ATGGAC,0,0.0021770682148040637,0.0
ATGGAG,0,0.001451378809869376,0.0
ATGGCA,0.000725689404934688,0.000362844702467344,1.999994488015191
ATGGCC,0,0.00181422351233672,0.0
ATGGCG,0.000362844702467344,0,362844.70246734394
ATGGTA,0.000362844702467344,0,362844.70246734394
ATGGTG,0.000362844702467344,0,362844.70246734394
ATGGTT,0.0010885341074020319,0,1088534.1074020318
ATGTAA,0,0.000725689404934688,0.0
ATGTAG,0.000362844702467344,0,362844.70246734394
ATGTAT,0.000362844702467344,0,362844.70246734394
ATGTCA,0.000362844702467344,0.00181422351233672,0.19999988976006078
ATGTCG,0,0.000725689404934688,0.0
ATGTCT,0.000362844702467344,0.0010885341074020319,0.33333302711139245
ATGTGG,0.000362844702467344,0,362844.70246734394
ATGTGT,0.000725689404934688,0.000725689404934688,0.9999986220018988
ATGTTA,0.000362844702467344,0.0010885341074020319,0.33333302711139245
ATGTTG,0.000362844702467344,0,362844.70246734394
ATGTTT,0,0.000725689404934688,0.0
ATTAAA,0.000362844702467344,0,362844.70246734394
ATTAAC,0.000725689404934688,0.001451378809869376,0.4999996555002374
ATTAAG,0.000362844702467344,0,362844.70246734394
ATTAAT,0.0010885341074020319,0.000362844702467344,2.9999917320227865
ATTACA,0.000725689404934688,0,725689.4049346879
ATTACT,0,0.0010885341074020319,0.0
ATTAGA,0.000725689404934688,0,725689.4049346879
ATTAGC,0.000725689404934688,0.000362844702467344,1.999994488015191
ATTATA,0.000362844702467344,0,362844.70246734394
ATTATG,0.0010885341074020319,0,1088534.1074020318
ATTATT,0,0.001451378809869376,0.0
ATTCAA,0,0.0010885341074020319,0.0
ATTCAG,0.000362844702467344,0.000362844702467344,0.9999972440075955
ATTCAT,0,0.000725689404934688,0.0
ATTCCA,0.000362844702467344,0,362844.70246734394
ATTCCC,0.000362844702467344,0,362844.70246734394
ATTCCG,0,0.000725689404934688,0.0
ATTCCT,0.000725689404934688,0,725689.4049346879
ATTCGA,0.000362844702467344,0,362844.70246734394
ATTCGG,0.000725689404934688,0,725689.4049346879
ATTCGT,0,0.001451378809869376,0.0
ATTCTA,0.000362844702467344,0,362844.70246734394
ATTCTC,0.000362844702467344,0.0010885341074020319,0.33333302711139245
ATTCTG,0.000362844702467344,0.000362844702467344,0.9999972440075955
ATTCTT,0.000362844702467344,0,362844.70246734394
ATTGAA,0.000362844702467344,0,362844.70246734394
ATTGAC,0.000725689404934688,0,725689.4049346879
ATTGAG,0,0.0010885341074020319,0.0
ATTGCG,0.000362844702467344,0,362844.70246734394
ATTGCT,0.000362844702467344,0,362844.70246734394
ATTGGC,0,0.000362844702467344,0.0
ATTGGG,0.000362844702467344,0,362844.70246734394
ATTGGT,0.000362844702467344,0,362844.70246734394
ATTGTC,0,0.0010885341074020319,0.0
ATTGTG,0.000725689404934688,0,725689.4049346879
ATTTAA,0.000362844702467344,0,362844.70246734394
ATTTAC,0.000362844702467344,0,362844.70246734394
ATTTAG,0.000362844702467344,0,362844.70246734394
ATTTAT,0.000362844702467344,0,362844.70246734394
ATTTCA,0.000725689404934688,0,725689.4049346879
ATTTCC,0.000362844702467344,0,362844.70246734394
ATTTCT,0.000362844702467344,0,362844.70246734394
ATTTGA,0.000725689404934688,0,725689.4049346879
ATTTGT,0.000725689404934688,0,725689.4049346879
ATTTTA,0.0010885341074020319,0,1088534.1074020318
ATTTTC,0,0.0010885341074020319,0.0
ATTTTG,0.000362844702467344,0.000725689404934688,0.4999993110009494
ATTTTT,0.002902757619738752,0,2902757.6197387516
CAAAAA,0.002902757619738752,0,2902757.6197387516
CAAAAC,0.001451378809869376,0,1451378.8098693758
CAAAAT,0.000362844702467344,0,362844.70246734394
CAAACC,0.000362844702467344,0,362844.70246734394
CAAACT,0.000362844702467344,0,362844.70246734394
CAAAGA,0.000362844702467344,0,362844.70246734394
CAAAGT,0.000362844702467344,0,362844.70246734394
CAAATA,0.000362844702467344,0,362844.70246734394
CAAATT,0.000362844702467344,0,362844.70246734394
CAACAA,0,0.001451378809869376,0.0
CAACAG,0.000362844702467344,0.000362844702467344,0.9999972440075955
CAACAT,0.000362844702467344,0.00181422351233672,0.19999988976006078
CAACGC,0.000725689404934688,0.000725689404934688,0.9999986220018988
CAACGT,0.000362844702467344,0,362844.70246734394
CAACTC,0.000362844702467344,0,362844.70246734394
CAACTT,0,0.001451378809869376,0.0
CAAGAA,0.000362844702467344,0.001451378809869376,0.2499998277501187
CAAGAT,0,0.001451378809869376,0.0
CAAGCA,0,0.000362844702467344,0.0
CAAGGA,0.000362844702467344,0,362844.70246734394
CAAGGC,0.000362844702467344,0.001451378809869376,0.2499998277501187
CAAGGG,0.000362844702467344,0,362844.70246734394
CAAGGT,0.000725689404934688,0.0010885341074020319,0.6666660542227849
CAAGTC,0.000362844702467344,0,362844.70246734394
CAAGTT,0.000362844702467344,0,362844.70246734394
CAATAC,0.000362844702467344,0,362844.70246734394
CAATAT,0.000362844702467344,0.000725689404934688,0.4999993110009494
CAATCA,0,0.002902757619738752,0.0
CAATCC,0,0.000362844702467344,0.0
CAATCT,0.0010885341074020319,0.0010885341074020319,0.9999990813341774
CAATGA,0.000362844702467344,0.000362844702467344,0.9999972440075955
CAATGG,0,0.0021770682148040637,0.0
CAATGT,0.000362844702467344,0.0010885341074020319,0.33333302711139245
CAATTA,0.000362844702467344,0,362844.70246734394
CAATTT,0.001451378809869376,0,1451378.8098693758
CACACC,0.000725689404934688,0,725689.4049346879
CACACT,0.000362844702467344,0,362844.70246734394
CACAGC,0.000362844702467344,0.000725689404934688,0.4999993110009494
CACCAA,0,0.000362844702467344,0.0
CACCAC,0.000725689404934688,0,725689.4049346879
CACCAG,0.000362844702467344,0.000725689404934688,0.4999993110009494
CACCAT,0.000362844702467344,0,362844.70246734394
CACCCC,0.000725689404934688,0,725689.4049346879
CACCCG,0.000362844702467344,0,362844.70246734394
CACCGA,0,0.000362844702467344,0.0
CACCGC,0.000362844702467344,0,362844.70246734394
CACCTC,0.000362844702467344,0.000725689404934688,0.4999993110009494
CACCTG,0,0.000362844702467344,0.0
CACCTT,0.000362844702467344,0,362844.70246734394
CACGAG,0.000362844702467344,0,362844.70246734394
CACGAT,0.0010885341074020319,0,1088534.1074020318
CACGCC,0,0.000362844702467344,0.0
CACGCG,0,0.000725689404934688,0.0
CACGCT,0.000362844702467344,0,362844.70246734394
CACGGA,0,0.000725689404934688,0.0
CACGGG,0,0.000362844702467344,0.0
CACGTA,0.000362844702467344,0,362844.70246734394
CACGTT,0.000725689404934688,0.000725689404934688,0.9999986220018988
CACTAA,0.000725689404934688,0,725689.4049346879
CACTAG,0.000362844702467344,0,362844.70246734394
CACTAT,0.000362844702467344,0,362844.70246734394
CACTCA,0,0.000362844702467344,0.0
CACTGA,0.000725689404934688,0,725689.4049346879
CACTTC,0,0.000362844702467344,0.0
CACTTG,0.000362844702467344,0,362844.70246734394
CACTTT,0.00181422351233672,0,1814223.5123367198
CAGAAA,0.000725689404934688,0,725689.4049346879
CAGAAC,0.000362844702467344,0,362844.70246734394
CAGAAT,0.000362844702467344,0,362844.70246734394
CAGACC,0,0.001451378809869376,0.0
CAGAGG,0,0.000362844702467344,0.0
CAGAGT,0,0.000725689404934688,0.0
CAGATG,0,0.0010885341074020319,0.0
CAGATT,0,0.0010885341074020319,0.0
CAGCAC,0,0.000725689404934688,0.0
CAGCAG,0,0.000362844702467344,0.0
CAGCAT,0.000362844702467344,0.000725689404934688,0.4999993110009494
CAGCCA,0.000725689404934688,0.000725689404934688,0.9999986220018988
CAGCCC,0.000362844702467344,0,362844.70246734394
CAGCCT,0.000362844702467344,0.0021770682148040637,0.1666665901111463
CAGCGA,0,0.000362844702467344,0.0
CAGCGC,0,0.000725689404934688,0.0
CAGCGG,0.000362844702467344,0.000362844702467344,0.9999972440075955
CAGCGT,0,0.000725689404934688,0.0
CAGCTG,0,0.000725689404934688,0.0
CAGCTT,0.000362844702467344,0,362844.70246734394
CAGGAC,0.000362844702467344,0,362844.70246734394
CAGGAT,0,0.000725689404934688,0.0
CAGGCA,0,0.000725689404934688,0.0
CAGGCC,0.000725689404934688,0,725689.4049346879
CAGGCT,0.000362844702467344,0,362844.70246734394
CAGGGG,0.000362844702467344,0,362844.70246734394
CAGGGT,0.000362844702467344,0,362844.70246734394
CAGGTG,0,0.000362844702467344,0.0
CAGTAT,0.0010885341074020319,0,1088534.1074020318
CAGTCA,0.000362844702467344,0,362844.70246734394
CAGTCG,0.000362844702467344,0,362844.70246734394
CAGTGC,0,0.000725689404934688,0.0
CAGTTA,0.000362844702467344,0,362844.70246734394
CAGTTG,0.000725689404934688,0,725689.4049346879
CAGTTT,0.000725689404934688,0,725689.4049346879
CATAAA,0.000362844702467344,0.001451378809869376,0.2499998277501187
CATAAC,0.000362844702467344,0.000725689404934688,0.4999993110009494
CATAAT,0.001451378809869376,0,1451378.8098693758
CATACA,0.000362844702467344,0,362844.70246734394
CATACC,0.000725689404934688,0,725689.4049346879
CATACG,0.0010885341074020319,0.000725689404934688,1.4999979330028481
CATAGA,0.000362844702467344,0,362844.70246734394
CATAGC,0.000362844702467344,0,362844.70246734394
CATAGT,0.000362844702467344,0,362844.70246734394
CATATC,0.000362844702467344,0,362844.70246734394
CATATT,0.000362844702467344,0,362844.70246734394
CATCAA,0.000362844702467344,0,362844.70246734394
CATCAG,0.000362844702467344,0.000725689404934688,0.4999993110009494
CATCAT,0.000362844702467344,0,362844.70246734394
CATCCT,0.000362844702467344,0.000362844702467344,0.9999972440075955
CATCGA,0.00181422351233672,0,1814223.5123367198
CATCGC,0.0010885341074020319,0,1088534.1074020318
CATCGG,0.000362844702467344,0.000362844702467344,0.9999972440075955
CATCTA,0,0.000362844702467344,0.0
CATCTC,0.000362844702467344,0.000362844702467344,0.9999972440075955
CATCTT,0.000362844702467344,0,362844.70246734394
CATGAA,0.000725689404934688,0.0010885341074020319,0.6666660542227849
CATGAT,0.000362844702467344,0,362844.70246734394
CATGCG,0,0.0010885341074020319,0.0
CATGCT,0.000362844702467344,0,362844.70246734394
CATGGA,0,0.0010885341074020319,0.0
CATGTA,0,0.000725689404934688,0.0
CATGTC,0.000725689404934688,0.0025399129172714078,0.2857141732245341
CATGTG,0.000362844702467344,0,362844.70246734394
CATTAA,0.000362844702467344,0.000362844702467344,0.9999972440075955
CATTAG,0.000725689404934688,0.000362844702467344,1.999994488015191
CATTAT,0,0.001451378809869376,0.0
CATTCC,0.000362844702467344,0.000725689404934688,0.4999993110009494
CATTCT,0.000725689404934688,0.000362844702467344,1.999994488015191
CATTGA,0,0.001451378809869376,0.0
CATTTG,0.000362844702467344,0,362844.70246734394
CATTTT,0.000725689404934688,0.000725689404934688,0.9999986220018988
CCAAAA,0.0010885341074020319,0,1088534.1074020318
CCAAAT,0.000362844702467344,0,362844.70246734394
CCAACA,0,0.000362844702467344,0.0
CCAAGA,0,0.000725689404934688,0.0
CCAAGG,0,0.000362844702467344,0.0
CCAATA,0.000362844702467344,0,362844.70246734394
CCAATC,0.000362844702467344,0.000725689404934688,0.4999993110009494
CCACCA,0.000725689404934688,0,725689.4049346879
CCACCC,0.000362844702467344,0,362844.70246734394
CCACCG,0,0.000362844702467344,0.0
CCACCT,0.000362844702467344,0,362844.70246734394
CCACGA,0.000362844702467344,0,362844.70246734394
CCACGC,0,0.0010885341074020319,0.0
CCACGT,0.000362844702467344,0,362844.70246734394
CCACTA,0.000725689404934688,0,725689.4049346879
CCACTG,0.000725689404934688,0,725689.4049346879
CCACTT,0.000362844702467344,0,362844.70246734394
CCAGAG,0,0.000362844702467344,0.0
CCAGCA,0,0.000725689404934688,0.0
CCAGCC,0.000725689404934688,0.000362844702467344,1.999994488015191
CCAGCG,0,0.000725689404934688,0.0
CCAGCT,0.000362844702467344,0,362844.70246734394
CCAGGC,0.000362844702467344,0,362844.70246734394
CCAGTA,0.000725689404934688,0,725689.4049346879
CCAGTC,0.000725689404934688,0,725689.4049346879
CCATAC,0.000362844702467344,0,362844.70246734394
CCATAG,0.000362844702467344,0,362844.70246734394
CCATAT,0.000362844702467344,0,362844.70246734394
CCATCA,0.000725689404934688,0,725689.4049346879
CCATCG,0.0010885341074020319,0,1088534.1074020318
CCATCT,0.000362844702467344,0.000362844702467344,0.9999972440075955
CCATGC,0,0.0010885341074020319,0.0
CCATGT,0.000725689404934688,0,725689.4049346879
CCATTA,0.000362844702467344,0,362844.70246734394
CCATTC,0.000362844702467344,0.000725689404934688,0.4999993110009494
CCCACG,0.000725689404934688,0,725689.4049346879
CCCACT,0.000362844702467344,0,362844.70246734394
CCCAGC,0.000725689404934688,0,725689.4049346879
CCCAGG,0.000362844702467344,0,362844.70246734394
CCCAGT,0.000362844702467344,0,362844.70246734394
CCCATA,0.000362844702467344,0,362844.70246734394
CCCATC,0.000362844702467344,0,362844.70246734394
CCCCAC,0.000362844702467344,0,362844.70246734394
CCCCAG,0.000362844702467344,0,362844.70246734394
CCCCCA,0.000362844702467344,0,362844.70246734394
CCCCGC,0.0010885341074020319,0,1088534.1074020318
CCCCTC,0.000362844702467344,0,362844.70246734394
CCCGCA,0.000362844702467344,0,362844.70246734394
CCCGCG,0.000362844702467344,0,362844.70246734394
CCCGCT,0.000725689404934688,0,725689.4049346879
CCCGGA,0.000362844702467344,0,362844.70246734394
CCCGGC,0.000362844702467344,0,362844.70246734394
CCCTAA,0.000362844702467344,0.000362844702467344,0.9999972440075955
CCCTAC,0,0.000725689404934688,0.0
CCCTAT,0.00181422351233672,0,1814223.5123367198
CCCTCA,0.000362844702467344,0,362844.70246734394
CCCTCG,0.000362844702467344,0,362844.70246734394
CCCTCT,0.000362844702467344,0,362844.70246734394
CCCTTA,0,0.000725689404934688,0.0
CCGAAC,0,0.000725689404934688,0.0
CCGAAG,0.000362844702467344,0.0010885341074020319,0.33333302711139245
CCGACA,0,0.001451378809869376,0.0
CCGACC,0.000362844702467344,0,362844.70246734394
CCGACT,0.000362844702467344,0,362844.70246734394
CCGAGG,0,0.000362844702467344,0.0
CCGAGT,0,0.000725689404934688,0.0
CCGCAA,0.000362844702467344,0,362844.70246734394
CCGCAC,0.000362844702467344,0,362844.70246734394
CCGCCG,0.000362844702467344,0,362844.70246734394
CCGCGA,0,0.0010885341074020319,0.0
CCGCGC,0.0010885341074020319,0,1088534.1074020318
CCGCTA,0,0.000362844702467344,0.0
CCGCTG,0,0.0010885341074020319,0.0
CCGCTT,0.0010885341074020319,0.001451378809869376,0.749999483250356
CCGGAA,0.001451378809869376,0,1451378.8098693758
CCGGCG,0.000362844702467344,0,362844.70246734394
CCGGCT,0.000362844702467344,0,362844.70246734394
CCGGTA,0,0.000725689404934688,0.0
CCGGTC,0,0.000362844702467344,0.0
CCGGTT,0,0.000725689404934688,0.0
CCGTAT,0.000362844702467344,0,362844.70246734394
CCGTGA,0.000725689404934688,0,725689.4049346879
CCGTGG,0.000362844702467344,0,362844.70246734394
CCGTTA,0.000362844702467344,0.0010885341074020319,0.33333302711139245
CCGTTC,0.000362844702467344,0,362844.70246734394
CCGTTG,0.000362844702467344,0,362844.70246734394
CCGTTT,0.000725689404934688,0,725689.4049346879
CCTAAA,0.000725689404934688,0,725689.4049346879
CCTAAT,0,0.000362844702467344,0.0
CCTACA,0,0.000362844702467344,0.0
CCTACC,0.000362844702467344,0,362844.70246734394
CCTACG,0,0.000725689404934688,0.0
CCTACT,0,0.000725689404934688,0.0
CCTATA,0.00181422351233672,0,1814223.5123367198
CCTATG,0.000362844702467344,0,362844.70246734394
CCTCAA,0,0.00181422351233672,0.0
CCTCAG,0,0.00181422351233672,0.0
CCTCAT,0.000725689404934688,0,725689.4049346879
CCTCCA,0.000725689404934688,0,725689.4049346879
CCTCCG,0.000725689404934688,0.000725689404934688,0.9999986220018988
CCTCGA,0.000362844702467344,0.00181422351233672,0.19999988976006078
CCTCGC,0.000725689404934688,0.000362844702467344,1.999994488015191
CCTCGT,0.000362844702467344,0.0010885341074020319,0.33333302711139245
CCTCTA,0.000362844702467344,0.001451378809869376,0.2499998277501187
CCTCTT,0.000362844702467344,0,362844.70246734394
CCTGAA,0.000362844702467344,0,362844.70246734394
CCTGAC,0.000725689404934688,0.000362844702467344,1.999994488015191
CCTGAG,0.000362844702467344,0.001451378809869376,0.2499998277501187
CCTGAT,0.000725689404934688,0.000725689404934688,0.9999986220018988
CCTGCA,0,0.000362844702467344,0.0
CCTGCC,0.000362844702467344,0,362844.70246734394
CCTGCG,0.000362844702467344,0,362844.70246734394
CCTGTC,0.000362844702467344,0,362844.70246734394
CCTGTG,0.000362844702467344,0,362844.70246734394
CCTTAG,0,0.000725689404934688,0.0
CCTTAT,0.000362844702467344,0,362844.70246734394
CCTTCC,0.000362844702467344,0,362844.70246734394
CCTTCG,0,0.000362844702467344,0.0
CCTTCT,0.000362844702467344,0,362844.70246734394
CCTTGA,0.000725689404934688,0,725689.4049346879
CCTTGC,0,0.000725689404934688,0.0
CCTTGT,0.000362844702467344,0.0010885341074020319,0.33333302711139245
CCTTTA,0.000362844702467344,0,362844.70246734394
CCTTTC,0.000362844702467344,0,362844.70246734394
CCTTTT,0.000725689404934688,0,725689.4049346879
CGAAAA,0.000362844702467344,0,362844.70246734394
CGAACA,0.000362844702467344,0,362844.70246734394
CGAACG,0,0.001451378809869376,0.0
CGAACT,0.000362844702467344,0,362844.70246734394
CGAAGC,0.000362844702467344,0.0010885341074020319,0.33333302711139245
CGAAGT,0.000362844702467344,0,362844.70246734394
CGAATG,0.000362844702467344,0,362844.70246734394
CGACAA,0.000362844702467344,0.00181422351233672,0.19999988976006078
CGACAG,0.000362844702467344,0.001451378809869376,0.2499998277501187
CGACAT,0,0.000362844702467344,0.0
CGACCG,0,0.001451378809869376,0.0
CGACCT,0.000362844702467344,0,362844.70246734394
CGACGA,0.000725689404934688,0.000362844702467344,1.999994488015191
CGACGC,0.000362844702467344,0,362844.70246734394
CGACGG,0.000362844702467344,0,362844.70246734394
CGACTA,0,0.001451378809869376,0.0
CGACTC,0.000362844702467344,0,362844.70246734394
CGACTT,0.000725689404934688,0,725689.4049346879
CGAGAC,0,0.0010885341074020319,0.0
CGAGCC,0,0.0021770682148040637,0.0
CGAGGT,0,0.000362844702467344,0.0
CGAGTA,0.000362844702467344,0.000725689404934688,0.4999993110009494
CGAGTC,0,0.001451378809869376,0.0
CGAGTT,0,0.000362844702467344,0.0
CGATAA,0.000362844702467344,0,362844.70246734394
CGATAG,0.000362844702467344,0.000725689404934688,0.4999993110009494
CGATAT,0,0.000725689404934688,0.0
CGATCC,0.000362844702467344,0,362844.70246734394
CGATCT,0.000725689404934688,0,725689.4049346879
CGATGA,0,0.001451378809869376,0.0
CGATGC,0,0.000362844702467344,0.0
CGATGT,0,0.000725689404934688,0.0
CGCAAA,0.000725689404934688,0,725689.4049346879
CGCAAC,0.0010885341074020319,0,1088534.1074020318
CGCAAG,0.000362844702467344,0.000362844702467344,0.9999972440075955
CGCAAT,0.000362844702467344,0.0010885341074020319,0.33333302711139245
CGCACC,0.000362844702467344,0.0010885341074020319,0.33333302711139245
CGCACG,0.000725689404934688,0,725689.4049346879
CGCAGA,0,0.0010885341074020319,0.0
CGCATA,0.001451378809869376,0,1451378.8098693758
CGCATC,0.0010885341074020319,0.000725689404934688,1.4999979330028481
CGCATG,0.000362844702467344,0,362844.70246734394
CGCCAA,0.000362844702467344,0,362844.70246734394
CGCCAC,0.0010885341074020319,0.000362844702467344,2.9999917320227865
CGCCAG,0,0.0010885341074020319,0.0
CGCCCC,0.000725689404934688,0,725689.4049346879
CGCCCG,0.000362844702467344,0,362844.70246734394
CGCCCT,0.000725689404934688,0,725689.4049346879
CGCCGA,0.000362844702467344,0,362844.70246734394
CGCCGC,0.000725689404934688,0,725689.4049346879
CGCCGT,0.000362844702467344,0,362844.70246734394
CGCCTC,0.001451378809869376,0.000362844702467344,3.999988976030382
CGCCTT,0.000362844702467344,0,362844.70246734394
CGCGAC,0.000362844702467344,0.001451378809869376,0.2499998277501187
CGCGCA,0.000362844702467344,0,362844.70246734394
CGCGCC,0.001451378809869376,0,1451378.8098693758
CGCGCT,0.000362844702467344,0.000362844702467344,0.9999972440075955
CGCGGG,0.000725689404934688,0,725689.4049346879
CGCGGT,0.000362844702467344,0.000725689404934688,0.4999993110009494
CGCGTA,0.000362844702467344,0,362844.70246734394
CGCGTC,0.000362844702467344,0,362844.70246734394
CGCGTT,0.000362844702467344,0,362844.70246734394
CGCTAA,0,0.0010885341074020319,0.0
CGCTAC,0.000725689404934688,0.000725689404934688,0.9999986220018988
CGCTAG,0,0.000725689404934688,0.0
CGCTCA,0,0.000725689404934688,0.0
CGCTCG,0,0.000362844702467344,0.0
CGCTGA,0.000362844702467344,0.0010885341074020319,0.33333302711139245
CGCTGC,0.000362844702467344,0,362844.70246734394
CGCTGG,0,0.000725689404934688,0.0
CGCTTA,0.000362844702467344,0,362844.70246734394
CGCTTC,0.000362844702467344,0,362844.70246734394
CGCTTG,0.001451378809869376,0,1451378.8098693758
CGCTTT,0.000725689404934688,0.0025399129172714078,0.2857141732245341
CGGAAG,0.000725689404934688,0,725689.4049346879
CGGAAT,0.000725689404934688,0,725689.4049346879
CGGAGA,0.000362844702467344,0.000362844702467344,0.9999972440075955
CGGAGT,0.000362844702467344,0,362844.70246734394
CGGATA,0,0.000725689404934688,0.0
CGGATC,0.000362844702467344,0,362844.70246734394
CGGCAG,0,0.000725689404934688,0.0
CGGCAT,0.000362844702467344,0,362844.70246734394
CGGCCT,0.000725689404934688,0,725689.4049346879
CGGCGA,0,0.0010885341074020319,0.0
CGGCGC,0.000362844702467344,0,362844.70246734394
CGGCGT,0.000362844702467344,0.000362844702467344,0.9999972440075955
CGGCTC,0.000362844702467344,0,362844.70246734394
CGGGAA,0.000725689404934688,0,725689.4049346879
CGGGCT,0.000362844702467344,0,362844.70246734394
CGGGGT,0.000362844702467344,0,362844.70246734394
CGGGTC,0,0.001451378809869376,0.0
CGGGTT,0,0.000362844702467344,0.0
CGGTAC,0,0.000725689404934688,0.0
CGGTAT,0.000725689404934688,0.000725689404934688,0.9999986220018988
CGGTCA,0,0.000362844702467344,0.0
CGGTGA,0.000362844702467344,0.001451378809869376,0.2499998277501187
CGGTGG,0.000362844702467344,0.000725689404934688,0.4999993110009494
CGGTGT,0.000725689404934688,0.00181422351233672,0.39999977952012156
CGGTTG,0,0.000725689404934688,0.0
CGGTTT,0.000362844702467344,0,362844.70246734394
CGTAAC,0.000362844702467344,0,362844.70246734394
CGTAAT,0.000362844702467344,0,362844.70246734394
CGTACT,0.000362844702467344,0.000362844702467344,0.9999972440075955
CGTAGC,0,0.000725689404934688,0.0
CGTAGG,0.000362844702467344,0,362844.70246734394
CGTATA,0.000725689404934688,0,725689.4049346879
CGTATG,0.000362844702467344,0,362844.70246734394
CGTATT,0.000725689404934688,0.000725689404934688,0.9999986220018988
CGTCAT,0.000725689404934688,0,725689.4049346879
CGTCCG,0.000362844702467344,0,362844.70246734394
CGTCCT,0.000362844702467344,0.001451378809869376,0.2499998277501187
CGTCGT,0.000362844702467344,0,362844.70246734394
CGTCTA,0,0.0010885341074020319,0.0
CGTCTC,0,0.002902757619738752,0.0
CGTCTT,0.000362844702467344,0.000725689404934688,0.4999993110009494
CGTGAA,0.000362844702467344,0,362844.70246734394
CGTGAC,0.000362844702467344,0,362844.70246734394
CGTGAT,0.000362844702467344,0,362844.70246734394
CGTGCC,0,0.0010885341074020319,0.0
CGTGGA,0,0.001451378809869376,0.0
CGTGGG,0.000362844702467344,0,362844.70246734394
CGTGGT,0.000362844702467344,0,362844.70246734394
CGTGTC,0.000362844702467344,0,362844.70246734394
CGTGTT,0.000362844702467344,0,362844.70246734394
CGTTAA,0,0.000362844702467344,0.0
CGTTAC,0.000725689404934688,0.0010885341074020319,0.6666660542227849
CGTTAT,0.000362844702467344,0,362844.70246734394
CGTTCA,0,0.0021770682148040637,0.0
CGTTCG,0.000362844702467344,0,362844.70246734394
CGTTCT,0.000362844702467344,0,362844.70246734394
CGTTGA,0.000362844702467344,0.0010885341074020319,0.33333302711139245
CGTTGG,0,0.000362844702467344,0.0
CGTTGT,0.000362844702467344,0,362844.70246734394
CGTTTA,0.0010885341074020319,0,1088534.1074020318
CGTTTC,0,0.000725689404934688,0.0
CGTTTG,0.000362844702467344,0,362844.70246734394
CGTTTT,0.000362844702467344,0,362844.70246734394
CTAAAA,0.000362844702467344,0,362844.70246734394
CTAAAC,0,0.001451378809869376,0.0
CTAAAT,0.000725689404934688,0,725689.4049346879
CTAACA,0.0010885341074020319,0,1088534.1074020318
CTAACC,0.000362844702467344,0.000725689404934688,0.4999993110009494
CTAACG,0.000725689404934688,0.0010885341074020319,0.6666660542227849
CTAATG,0.000362844702467344,0.000725689404934688,0.4999993110009494
CTAATT,0.000362844702467344,0,362844.70246734394
CTACAA,0.000725689404934688,0,725689.4049346879
CTACAC,0.000362844702467344,0,362844.70246734394
CTACAT,0.000362844702467344,0.000362844702467344,0.9999972440075955
CTACCC,0.000362844702467344,0,362844.70246734394
CTACCT,0.000362844702467344,0.000725689404934688,0.4999993110009494
CTACGA,0,0.001451378809869376,0.0
CTACGC,0,0.001451378809869376,0.0
CTACGG,0,0.000725689404934688,0.0
CTACGT,0,0.000362844702467344,0.0
CTACTA,0,0.001451378809869376,0.0
CTACTG,0.000362844702467344,0.000362844702467344,0.9999972440075955
CTACTT,0.000362844702467344,0.000362844702467344,0.9999972440075955
CTAGAA,0.000362844702467344,0,362844.70246734394
CTAGAC,0,0.000725689404934688,0.0
CTAGAG,0.000725689404934688,0,725689.4049346879
CTAGAT,0.000362844702467344,0,362844.70246734394
CTAGCA,0.000362844702467344,0,362844.70246734394
CTAGGA,0,0.000725689404934688,0.0
CTAGTA,0.000362844702467344,0,362844.70246734394
CTAGTG,0.000362844702467344,0,362844.70246734394
CTAGTT,0.000362844702467344,0,362844.70246734394
CTATAA,0.00181422351233672,0,1814223.5123367198
CTATAC,0.000725689404934688,0,725689.4049346879
CTATAT,0,0.001451378809869376,0.0
CTATCC,0.000362844702467344,0,362844.70246734394
CTATCG,0.000362844702467344,0.000725689404934688,0.4999993110009494
CTATGG,0.000725689404934688,0,725689.4049346879
CTATGT,0,0.000725689404934688,0.0
CTATTC,0.000362844702467344,0,362844.70246734394
CTATTG,0.000725689404934688,0,725689.4049346879
CTATTT,0.000362844702467344,0,362844.70246734394
CTCAAC,0.000725689404934688,0.001451378809869376,0.4999996555002374
CTCAAG,0,0.001451378809869376,0.0
CTCAAT,0,0.0025399129172714078,0.0
CTCACA,0.000362844702467344,0,362844.70246734394
CTCAGA,0,0.000725689404934688,0.0
CTCAGC,0,0.000362844702467344,0.0
CTCAGG,0,0.001451378809869376,0.0
CTCATA,0.000362844702467344,0.000725689404934688,0.4999993110009494
CTCATT,0.000362844702467344,0.000362844702467344,0.9999972440075955
CTCCAA,0.000362844702467344,0.0010885341074020319,0.33333302711139245
CTCCAT,0.001451378809869376,0,1451378.8098693758
CTCCCT,0.001451378809869376,0,1451378.8098693758
CTCCGC,0,0.0010885341074020319,0.0
CTCCGG,0,0.000725689404934688,0.0
CTCCGT,0.000725689404934688,0,725689.4049346879
CTCCTA,0,0.000362844702467344,0.0
CTCCTG,0.000362844702467344,0,362844.70246734394
CTCGAC,0,0.00181422351233672,0.0
CTCGAT,0.000362844702467344,0.000362844702467344,0.9999972440075955
CTCGCA,0.000725689404934688,0,725689.4049346879
CTCGCC,0,0.000362844702467344,0.0
CTCGCG,0.000362844702467344,0,362844.70246734394
CTCGGC,0,0.000362844702467344,0.0
CTCGTA,0.000362844702467344,0,362844.70246734394
CTCGTC,0.000362844702467344,0.001451378809869376,0.2499998277501187
CTCGTG,0.000362844702467344,0.001451378809869376,0.2499998277501187
CTCTAA,0,0.00181422351233672,0.0
CTCTAC,0.000362844702467344,0,362844.70246734394
CTCTAT,0.000725689404934688,0,725689.4049346879
CTCTCT,0.000362844702467344,0,362844.70246734394
CTCTGA,0.000725689404934688,0,725689.4049346879
CTCTGC,0,0.0010885341074020319,0.0
CTCTGG,0,0.001451378809869376,0.0
CTCTGT,0.000725689404934688,0,725689.4049346879
CTCTTG,0.000362844702467344,0,362844.70246734394
CTCTTT,0.000725689404934688,0,725689.4049346879
CTGAAA,0.001451378809869376,0.001451378809869376,0.9999993110004748
CTGAAC,0.000725689404934688,0,725689.4049346879
CTGACA,0.0010885341074020319,0.000362844702467344,2.9999917320227865
CTGACG,0.000362844702467344,0,362844.70246734394
CTGACT,0,0.000362844702467344,0.0
CTGAGC,0.000362844702467344,0,362844.70246734394
CTGAGT,0.000362844702467344,0.0021770682148040637,0.1666665901111463
CTGATA,0,0.0010885341074020319,0.0
CTGATC,0.000725689404934688,0,725689.4049346879
CTGATG,0.000362844702467344,0.000725689404934688,0.4999993110009494
CTGATT,0.000725689404934688,0,725689.4049346879
CTGCAA,0.000725689404934688,0,725689.4049346879
CTGCAC,0,0.000362844702467344,0.0
CTGCAT,0,0.0010885341074020319,0.0
CTGCCC,0.000362844702467344,0,362844.70246734394
CTGCCG,0.000362844702467344,0.0010885341074020319,0.33333302711139245
CTGCGA,0.000362844702467344,0,362844.70246734394
CTGCGC,0.000362844702467344,0,362844.70246734394
CTGCGG,0.000362844702467344,0,362844.70246734394
CTGGAA,0,0.000725689404934688,0.0
CTGGAT,0,0.00181422351233672,0.0
CTGGCC,0.000362844702467344,0,362844.70246734394
CTGGCG,0,0.000362844702467344,0.0
CTGGCT,0.000362844702467344,0,362844.70246734394
CTGGTA,0,0.001451378809869376,0.0
CTGGTC,0,0.000362844702467344,0.0
CTGTAG,0.000725689404934688,0,725689.4049346879
CTGTAT,0.0010885341074020319,0,1088534.1074020318
CTGTCC,0.000362844702467344,0,362844.70246734394
CTGTGA,0,0.002902757619738752,0.0
CTGTGG,0.000362844702467344,0,362844.70246734394
CTGTGT,0.000362844702467344,0,362844.70246734394
CTGTTG,0.000725689404934688,0,725689.4049346879
CTGTTT,0.000725689404934688,0,725689.4049346879
CTTAAT,0.000362844702467344,0,362844.70246734394
CTTACC,0.000362844702467344,0,362844.70246734394
CTTACT,0,0.000725689404934688,0.0
CTTAGA,0,0.000725689404934688,0.0
CTTAGC,0,0.000725689404934688,0.0
CTTAGG,0.000362844702467344,0,362844.70246734394
CTTATA,0.0010885341074020319,0,1088534.1074020318
CTTATC,0.000362844702467344,0,362844.70246734394
CTTATT,0.0010885341074020319,0,1088534.1074020318
CTTCAA,0.000362844702467344,0.000725689404934688,0.4999993110009494
CTTCCC,0.000725689404934688,0,725689.4049346879
CTTCCG,0.000362844702467344,0.0025399129172714078,0.14285708661226704
CTTCCT,0.000362844702467344,0,362844.70246734394
CTTCGT,0,0.0010885341074020319,0.0
CTTCTC,0.000362844702467344,0,362844.70246734394
CTTCTG,0,0.000362844702467344,0.0
CTTGAA,0.000725689404934688,0.000362844702467344,1.999994488015191
CTTGAC,0.0010885341074020319,0.000362844702467344,2.9999917320227865
CTTGAG,0,0.001451378809869376,0.0
CTTGAT,0.000725689404934688,0,725689.4049346879
CTTGCA,0.000725689404934688,0.001451378809869376,0.4999996555002374
CTTGCG,0.000362844702467344,0.00181422351233672,0.19999988976006078
CTTGCT,0.000362844702467344,0.000362844702467344,0.9999972440075955
CTTGTA,0.001451378809869376,0.0010885341074020319,1.3333321084455698
CTTGTC,0.00181422351233672,0.000725689404934688,2.4999965550047474
CTTGTG,0.000725689404934688,0,725689.4049346879
CTTGTT,0,0.000725689404934688,0.0
CTTTAA,0.000362844702467344,0,362844.70246734394
CTTTAC,0.001451378809869376,0,1451378.8098693758
CTTTAG,0.000725689404934688,0,725689.4049346879
CTTTAT,0.000362844702467344,0,362844.70246734394
CTTTCG,0.000362844702467344,0,362844.70246734394
CTTTCT,0.000725689404934688,0.002902757619738752,0.24999991387502968
CTTTGA,0,0.001451378809869376,0.0
CTTTGC,0.000362844702467344,0,362844.70246734394
CTTTGT,0.000725689404934688,0.000725689404934688,0.9999986220018988
CTTTTC,0.001451378809869376,0,1451378.8098693758
CTTTTG,0.000725689404934688,0,725689.4049346879
CTTTTT,0.000362844702467344,0,362844.70246734394
GAAAAA,0.000362844702467344,0,362844.70246734394
GAAAAC,0.001451378809869376,0,1451378.8098693758
GAAAAG,0.000725689404934688,0,725689.4049346879
GAAACG,0.000362844702467344,0,362844.70246734394
GAAACT,0.000362844702467344,0,362844.70246734394
GAAAGA,0.000725689404934688,0,725689.4049346879
GAAAGC,0.000362844702467344,0,362844.70246734394
GAAAGG,0.000362844702467344,0.001451378809869376,0.2499998277501187
GAAAGT,0.000362844702467344,0,362844.70246734394
GAAATA,0.000362844702467344,0,362844.70246734394
GAAATG,0.0010885341074020319,0,1088534.1074020318
GAAATT,0.000362844702467344,0,362844.70246734394
GAACAA,0.000362844702467344,0,362844.70246734394
GAACAT,0.000362844702467344,0.00181422351233672,0.19999988976006078
GAACCT,0,0.000725689404934688,0.0
GAACGA,0,0.001451378809869376,0.0
GAACGC,0,0.000362844702467344,0.0
GAACGT,0,0.0010885341074020319,0.0
GAACTA,0.000725689404934688,0.001451378809869376,0.4999996555002374
GAACTC,0.000725689404934688,0.000725689404934688,0.9999986220018988
GAACTG,0.000725689404934688,0,725689.4049346879
GAACTT,0,0.000362844702467344,0.0
GAAGAA,0.000362844702467344,0,362844.70246734394
GAAGAC,0,0.000362844702467344,0.0
GAAGAG,0.000362844702467344,0.000725689404934688,0.4999993110009494
GAAGAT,0,0.000725689404934688,0.0
GAAGCG,0.000362844702467344,0.0010885341074020319,0.33333302711139245
GAAGCT,0.000362844702467344,0,362844.70246734394
GAAGGC,0.000725689404934688,0.000725689404934688,0.9999986220018988
GAAGGG,0,0.000362844702467344,0.0
GAAGGT,0,0.000725689404934688,0.0
GAAGTG,0.000362844702467344,0.000362844702467344,0.9999972440075955
GAATAA,0.000725689404934688,0,725689.4049346879
GAATAC,0.000362844702467344,0,362844.70246734394
GAATAG,0.000362844702467344,0.000362844702467344,0.9999972440075955
GAATGC,0.0010885341074020319,0,1088534.1074020318
GAATGG,0.000362844702467344,0,362844.70246734394
GAATTC,0.000362844702467344,0,362844.70246734394
GAATTG,0.000362844702467344,0,362844.70246734394
GACAAA,0.000362844702467344,0,362844.70246734394
GACAAC,0,0.00181422351233672,0.0
GACAAG,0.000362844702467344,0,362844.70246734394
GACAAT,0.000725689404934688,0,725689.4049346879
GACACC,0.000725689404934688,0,725689.4049346879
GACACT,0.000362844702467344,0,362844.70246734394
GACAGA,0,0.001451378809869376,0.0
GACAGG,0.000362844702467344,0,362844.70246734394
GACAGT,0.000362844702467344,0,362844.70246734394
GACATC,0.000362844702467344,0.000362844702467344,0.9999972440075955
GACATT,0.000362844702467344,0.000362844702467344,0.9999972440075955
GACCAC,0,0.000362844702467344,0.0
GACCCT,0,0.000725689404934688,0.0
GACCGA,0,0.00181422351233672,0.0
GACCGC,0,0.00181422351233672,0.0
GACCTA,0,0.000725689404934688,0.0
GACCTT,0.000362844702467344,0,362844.70246734394
GACGAA,0.000362844702467344,0,362844.70246734394
GACGAC,0.000362844702467344,0.000725689404934688,0.4999993110009494
GACGAG,0.000362844702467344,0,362844.70246734394
GACGCA,0.000362844702467344,0,362844.70246734394
GACGCC,0.000362844702467344,0,362844.70246734394
GACGCT,0.000725689404934688,0.000725689404934688,0.9999986220018988
GACGGT,0.000362844702467344,0,362844.70246734394
GACGTC,0.000725689404934688,0.0010885341074020319,0.6666660542227849
GACGTG,0,0.0010885341074020319,0.0
GACGTT,0,0.00181422351233672,0.0
GACTAC,0,0.00181422351233672,0.0
GACTCA,0,0.000725689404934688,0.0
GACTCC,0.000362844702467344,0,362844.70246734394
GACTCG,0,0.000362844702467344,0.0
GACTCT,0.0010885341074020319,0.001451378809869376,0.749999483250356
GACTGC,0,0.0010885341074020319,0.0
GACTTA,0.000725689404934688,0,725689.4049346879
GACTTG,0.000725689404934688,0.0010885341074020319,0.6666660542227849
GACTTT,0.000362844702467344,0.000725689404934688,0.4999993110009494
GAGAAC,0.000725689404934688,0,725689.4049346879
GAGACT,0,0.0021770682148040637,0.0
GAGAGA,0,0.000362844702467344,0.0
GAGAGC,0,0.0021770682148040637,0.0
GAGATG,0,0.0025399129172714078,0.0
GAGCAT,0.000362844702467344,0.00181422351233672,0.19999988976006078
GAGCCG,0.000362844702467344,0,362844.70246734394
GAGCCT,0,0.002902757619738752,0.0
GAGCTG,0.000725689404934688,0,725689.4049346879
GAGGAA,0.000362844702467344,0.003265602322206096,0.11111107708643017
GAGGAC,0,0.000362844702467344,0.0
GAGGAT,0.000725689404934688,0,725689.4049346879
GAGGCT,0,0.0010885341074020319,0.0
GAGGGG,0,0.001451378809869376,0.0
GAGGGT,0,0.000725689404934688,0.0
GAGGTG,0,0.000725689404934688,0.0
GAGGTT,0.000725689404934688,0,725689.4049346879
GAGTAA,0.0010885341074020319,0,1088534.1074020318
GAGTAC,0,0.000725689404934688,0.0
GAGTAG,0.000362844702467344,0.000725689404934688,0.4999993110009494
GAGTAT,0,0.0010885341074020319,0.0
GAGTCA,0,0.001451378809869376,0.0
GAGTCC,0.000362844702467344,0,362844.70246734394
GAGTCT,0,0.000362844702467344,0.0
GAGTGC,0,0.001451378809869376,0.0
GAGTGT,0.000362844702467344,0,362844.70246734394
GAGTTA,0.000362844702467344,0.000725689404934688,0.4999993110009494
GAGTTC,0,0.000362844702467344,0.0
GAGTTG,0.000362844702467344,0,362844.70246734394
GATAAC,0.000362844702467344,0,362844.70246734394
GATAAT,0.000362844702467344,0,362844.70246734394
GATACG,0,0.00181422351233672,0.0
GATACT,0.000362844702467344,0,362844.70246734394
GATAGC,0.000362844702467344,0.000362844702467344,0.9999972440075955
GATAGT,0.000362844702467344,0.000362844702467344,0.9999972440075955
GATATG,0.000725689404934688,0.000725689404934688,0.9999986220018988
GATCAA,0.000362844702467344,0,362844.70246734394
GATCAT,0.000362844702467344,0,362844.70246734394
GATCCC,0.0010885341074020319,0,1088534.1074020318
GATCCG,0.000362844702467344,0,362844.70246734394
GATCCT,0.000362844702467344,0,362844.70246734394
GATCGC,0.000362844702467344,0,362844.70246734394
GATCTC,0.000362844702467344,0,362844.70246734394
GATCTG,0.000362844702467344,0,362844.70246734394
GATGAA,0.000362844702467344,0,362844.70246734394
GATGAC,0.000362844702467344,0,362844.70246734394
GATGAG,0,0.0021770682148040637,0.0
GATGCA,0,0.0010885341074020319,0.0
GATGCC,0,0.00181422351233672,0.0
GATGCG,0.000362844702467344,0.000362844702467344,0.9999972440075955
GATGGA,0.000362844702467344,0.002902757619738752,0.12499995693751484
GATGTC,0,0.000725689404934688,0.0
GATGTG,0.000362844702467344,0,362844.70246734394
GATGTT,0.000362844702467344,0.000725689404934688,0.4999993110009494
GATTAA,0.000362844702467344,0.001451378809869376,0.2499998277501187
GATTAG,0.000362844702467344,0,362844.70246734394
GATTAT,0.000362844702467344,0,362844.70246734394
GATTCA,0,0.00181422351233672,0.0
GATTGG,0.000362844702467344,0,362844.70246734394
GATTGT,0,0.0010885341074020319,0.0
GATTTA,0.000725689404934688,0,725689.4049346879
GATTTT,0.000362844702467344,0.0010885341074020319,0.33333302711139245
GCAAAA,0.0010885341074020319,0,1088534.1074020318
GCAAAC,0.000362844702467344,0,362844.70246734394
GCAAAG,0.000725689404934688,0,725689.4049346879
GCAAAT,0.000362844702467344,0,362844.70246734394
GCAACG,0.000725689404934688,0,725689.4049346879
GCAACT,0.000362844702467344,0,362844.70246734394
GCAAGG,0.000725689404934688,0.000362844702467344,1.999994488015191
GCAAGT,0.000362844702467344,0,362844.70246734394
GCAATA,0.000362844702467344,0,362844.70246734394
GCAATG,0.000362844702467344,0.0010885341074020319,0.33333302711139245
GCAATT,0.000725689404934688,0,725689.4049346879
GCACAC,0.000725689404934688,0,725689.4049346879
GCACCA,0.000362844702467344,0.000725689404934688,0.4999993110009494
GCACCC,0.000362844702467344,0,362844.70246734394
GCACCT,0,0.000362844702467344,0.0
GCACGA,0.000725689404934688,0,725689.4049346879
GCACGG,0,0.000362844702467344,0.0
GCACGT,0.000362844702467344,0.000725689404934688,0.4999993110009494
GCACTC,0,0.000362844702467344,0.0
GCAGAT,0,0.0010885341074020319,0.0
GCAGCA,0,0.000725689404934688,0.0
GCAGCG,0,0.0010885341074020319,0.0
GCAGTT,0.000362844702467344,0,362844.70246734394
GCATAA,0.001451378809869376,0.0021770682148040637,0.6666663604445852
GCATAC,0.000725689404934688,0,725689.4049346879
GCATAG,0.000725689404934688,0,725689.4049346879
GCATAT,0.000362844702467344,0,362844.70246734394
GCATCA,0,0.000725689404934688,0.0
GCATCG,0.0010885341074020319,0,1088534.1074020318
GCATCT,0.000362844702467344,0.000362844702467344,0.9999972440075955
GCATGA,0.000725689404934688,0.000362844702467344,1.999994488015191
GCATGG,0,0.0010885341074020319,0.0
GCATGT,0.000362844702467344,0.0021770682148040637,0.1666665901111463
GCATTA,0.000725689404934688,0,725689.4049346879
GCATTC,0.000362844702467344,0,362844.70246734394
GCATTT,0.000362844702467344,0.000725689404934688,0.4999993110009494
GCCAAA,0.000362844702467344,0,362844.70246734394
GCCAAC,0,0.000362844702467344,0.0
GCCAAT,0.000362844702467344,0.000725689404934688,0.4999993110009494
GCCACC,0.0010885341074020319,0.000362844702467344,2.9999917320227865
GCCAGA,0,0.000362844702467344,0.0
GCCAGC,0.000362844702467344,0.001451378809869376,0.2499998277501187
GCCATC,0.000362844702467344,0,362844.70246734394
GCCATT,0.000362844702467344,0,362844.70246734394
GCCCAT,0.000362844702467344,0,362844.70246734394
GCCCCG,0.000725689404934688,0,725689.4049346879
GCCCGG,0.000362844702467344,0,362844.70246734394
GCCCTA,0.000362844702467344,0.000725689404934688,0.4999993110009494
GCCCTC,0.000362844702467344,0,362844.70246734394
GCCGAA,0.000362844702467344,0,362844.70246734394
GCCGAC,0.000725689404934688,0,725689.4049346879
GCCGCG,0.000725689404934688,0,725689.4049346879
GCCGCT,0,0.0010885341074020319,0.0
GCCGGA,0.000725689404934688,0,725689.4049346879
GCCGTA,0.000362844702467344,0,362844.70246734394
GCCGTG,0.000362844702467344,0,362844.70246734394
GCCGTT,0.000362844702467344,0,362844.70246734394
GCCTCA,0,0.0010885341074020319,0.0
GCCTCC,0.001451378809869376,0,1451378.8098693758
GCCTCG,0.000362844702467344,0.003265602322206096,0.11111107708643017
GCCTCT,0,0.001451378809869376,0.0
GCCTGA,0.000362844702467344,0.00181422351233672,0.19999988976006078
GCCTGC,0.000362844702467344,0,362844.70246734394
GCCTGT,0.000362844702467344,0,362844.70246734394
GCCTTC,0.000362844702467344,0,362844.70246734394
GCCTTG,0.000362844702467344,0.0010885341074020319,0.33333302711139245
GCCTTT,0.000725689404934688,0,725689.4049346879
GCGAAC,0,0.000362844702467344,0.0
GCGACA,0.000725689404934688,0,725689.4049346879
GCGACC,0,0.000362844702467344,0.0
GCGACG,0.000362844702467344,0,362844.70246734394
GCGACT,0,0.001451378809869376,0.0
GCGAGA,0,0.0010885341074020319,0.0
GCGAGC,0,0.0021770682148040637,0.0
GCGAGT,0,0.000362844702467344,0.0
GCGATA,0,0.000362844702467344,0.0
GCGCAA,0.0010885341074020319,0.001451378809869376,0.749999483250356
GCGCAC,0,0.000362844702467344,0.0
GCGCAT,0,0.000725689404934688,0.0
GCGCCA,0.000725689404934688,0.000362844702467344,1.999994488015191
GCGCCC,0.001451378809869376,0,1451378.8098693758
GCGCCG,0.000725689404934688,0,725689.4049346879
GCGCCT,0.001451378809869376,0,1451378.8098693758
GCGCGC,0.0010885341074020319,0,1088534.1074020318
GCGCGG,0.000362844702467344,0,362844.70246734394
GCGCGT,0.000362844702467344,0,362844.70246734394
GCGCTA,0.000362844702467344,0,362844.70246734394
GCGCTC,0,0.000725689404934688,0.0
GCGCTT,0,0.000362844702467344,0.0
GCGGAG,0.000725689404934688,0,725689.4049346879
GCGGAT,0.000362844702467344,0,362844.70246734394
GCGGCA,0,0.000725689404934688,0.0
GCGGCC,0.000362844702467344,0,362844.70246734394
GCGGCG,0.000362844702467344,0,362844.70246734394
GCGGGA,0.000725689404934688,0,725689.4049346879
GCGGGC,0.000362844702467344,0,362844.70246734394
GCGGGG,0.000362844702467344,0,362844.70246734394
GCGGTA,0.000362844702467344,0.000725689404934688,0.4999993110009494
GCGGTG,0.000725689404934688,0.0025399129172714078,0.2857141732245341
GCGTAA,0.000362844702467344,0,362844.70246734394
GCGTAC,0,0.000362844702467344,0.0
GCGTAG,0.000362844702467344,0,362844.70246734394
GCGTAT,0.000725689404934688,0.000725689404934688,0.9999986220018988
GCGTCA,0.000362844702467344,0,362844.70246734394
GCGTCC,0.000362844702467344,0,362844.70246734394
GCGTCT,0,0.000725689404934688,0.0
GCGTTC,0.000362844702467344,0.000362844702467344,0.9999972440075955
GCGTTT,0.000362844702467344,0,362844.70246734394
GCTAAC,0.000362844702467344,0.00181422351233672,0.19999988976006078
GCTACA,0.000362844702467344,0,362844.70246734394
GCTACT,0.000362844702467344,0.000725689404934688,0.4999993110009494
GCTAGA,0.000362844702467344,0.000725689404934688,0.4999993110009494
GCTAGG,0,0.000725689404934688,0.0
GCTATC,0.000725689404934688,0,725689.4049346879
GCTATG,0.000362844702467344,0.000725689404934688,0.4999993110009494
GCTCAA,0,0.000362844702467344,0.0
GCTCAT,0,0.000725689404934688,0.0
GCTCGG,0,0.000362844702467344,0.0
GCTCGT,0.000362844702467344,0,362844.70246734394
GCTCTA,0.000362844702467344,0.000362844702467344,0.9999972440075955
GCTGAA,0.000362844702467344,0.001451378809869376,0.2499998277501187
GCTGAG,0,0.000725689404934688,0.0
GCTGAT,0.000362844702467344,0.0010885341074020319,0.33333302711139245
GCTGCA,0.000362844702467344,0,362844.70246734394
GCTGGA,0,0.001451378809869376,0.0
GCTGGC,0.000362844702467344,0,362844.70246734394
GCTGTA,0.000362844702467344,0,362844.70246734394
GCTGTG,0,0.000725689404934688,0.0
GCTGTT,0.000362844702467344,0,362844.70246734394
GCTTAG,0,0.000725689404934688,0.0
GCTTAT,0.0010885341074020319,0,1088534.1074020318
GCTTCA,0.000362844702467344,0.000725689404934688,0.4999993110009494
GCTTCC,0.000725689404934688,0.00181422351233672,0.39999977952012156
GCTTGA,0.000725689404934688,0,725689.4049346879
GCTTGC,0.000725689404934688,0.000362844702467344,1.999994488015191
GCTTGT,0.0010885341074020319,0,1088534.1074020318
GCTTTA,0.000725689404934688,0,725689.4049346879
GCTTTC,0.000725689404934688,0.0021770682148040637,0.3333331802222926
GCTTTG,0.000362844702467344,0.0021770682148040637,0.1666665901111463
GCTTTT,0.000362844702467344,0,362844.70246734394
GGAAAG,0.000725689404934688,0,725689.4049346879
GGAACA,0,0.000362844702467344,0.0
GGAACT,0,0.001451378809869376,0.0
GGAAGA,0.000725689404934688,0.000725689404934688,0.9999986220018988
GGAAGG,0.000725689404934688,0.001451378809869376,0.4999996555002374
GGAATA,0.000725689404934688,0,725689.4049346879
GGAATT,0.000362844702467344,0,362844.70246734394
GGACGA,0,0.000362844702467344,0.0
GGACGT,0.000725689404934688,0.00181422351233672,0.39999977952012156
GGACTA,0,0.000362844702467344,0.0
GGACTT,0.000362844702467344,0.000725689404934688,0.4999993110009494
GGAGAA,0.000362844702467344,0,362844.70246734394
GGAGAG,0,0.000362844702467344,0.0
GGAGAT,0,0.000362844702467344,0.0
GGAGGA,0.000725689404934688,0.00181422351233672,0.39999977952012156
GGAGGC,0,0.000362844702467344,0.0
GGAGTA,0.000362844702467344,0.0010885341074020319,0.33333302711139245
GGATAA,0.000362844702467344,0,362844.70246734394
GGATAC,0,0.000725689404934688,0.0
GGATCC,0.000725689404934688,0,725689.4049346879
GGATGG,0.000362844702467344,0.0025399129172714078,0.14285708661226704
GGATTC,0,0.000725689404934688,0.0
GGATTG,0,0.0010885341074020319,0.0
GGATTT,0.000362844702467344,0,362844.70246734394
GGCAAG,0.000362844702467344,0,362844.70246734394
GGCACC,0.000362844702467344,0,362844.70246734394
GGCACG,0.000362844702467344,0,362844.70246734394
GGCACT,0,0.000362844702467344,0.0
GGCAGC,0,0.000725689404934688,0.0
GGCATA,0.0010885341074020319,0.000725689404934688,1.4999979330028481
GGCATC,0.000362844702467344,0,362844.70246734394
GGCATG,0.000362844702467344,0.000725689404934688,0.4999993110009494
GGCATT,0.000362844702467344,0,362844.70246734394
GGCCAA,0.000362844702467344,0,362844.70246734394
GGCCGA,0.000362844702467344,0,362844.70246734394
GGCCGG,0.000725689404934688,0,725689.4049346879
GGCCTC,0,0.001451378809869376,0.0
GGCCTG,0.000725689404934688,0,725689.4049346879
GGCGAC,0.000725689404934688,0.000362844702467344,1.999994488015191
GGCGAG,0,0.0010885341074020319,0.0
GGCGCA,0.000362844702467344,0,362844.70246734394
GGCGCG,0.000725689404934688,0,725689.4049346879
GGCGGT,0.000362844702467344,0.000725689404934688,0.4999993110009494
GGCGTA,0.000725689404934688,0.000362844702467344,1.999994488015191
GGCGTC,0.000362844702467344,0.000725689404934688,0.4999993110009494
GGCTAG,0.000362844702467344,0.000725689404934688,0.4999993110009494
GGCTAT,0,0.000725689404934688,0.0
GGCTCG,0.000362844702467344,0,362844.70246734394
GGCTCT,0.000362844702467344,0.000362844702467344,0.9999972440075955
GGCTGA,0,0.0010885341074020319,0.0
GGCTTC,0,0.000362844702467344,0.0
GGCTTG,0.000362844702467344,0.000362844702467344,0.9999972440075955
GGCTTT,0.000362844702467344,0,362844.70246734394
GGGAAG,0.000725689404934688,0,725689.4049346879
GGGACG,0.000362844702467344,0,362844.70246734394
GGGATC,0.000362844702467344,0,362844.70246734394
GGGCAA,0.000362844702467344,0,362844.70246734394
GGGCGC,0.000362844702467344,0,362844.70246734394
GGGCGG,0.000362844702467344,0,362844.70246734394
GGGCTT,0.000362844702467344,0,362844.70246734394
GGGGAC,0.000362844702467344,0,362844.70246734394
GGGGCA,0.000362844702467344,0,362844.70246734394
GGGGGT,0.000362844702467344,0,362844.70246734394
GGGGTG,0.000725689404934688,0,725689.4049346879
GGGGTT,0,0.001451378809869376,0.0
GGGTAC,0,0.000725689404934688,0.0
GGGTCT,0,0.001451378809869376,0.0
GGGTGA,0.000362844702467344,0,362844.70246734394
GGGTGG,0.000362844702467344,0.000362844702467344,0.9999972440075955
GGGTGT,0,0.000725689404934688,0.0
GGGTTG,0.000725689404934688,0.000362844702467344,1.999994488015191
GGGTTT,0,0.001451378809869376,0.0
GGTAAA,0.000362844702467344,0,362844.70246734394
GGTAAC,0.000362844702467344,0,362844.70246734394
GGTACA,0,0.001451378809869376,0.0
GGTAGA,0.000362844702467344,0,362844.70246734394
GGTATC,0,0.0010885341074020319,0.0
GGTATG,0.000362844702467344,0,362844.70246734394
GGTATT,0.000362844702467344,0.001451378809869376,0.2499998277501187
GGTCAA,0,0.000362844702467344,0.0
GGTCAC,0.000362844702467344,0.000725689404934688,0.4999993110009494
GGTCTA,0,0.000362844702467344,0.0
GGTCTT,0,0.001451378809869376,0.0
GGTGAA,0,0.000725689404934688,0.0
GGTGAC,0.000362844702467344,0.000725689404934688,0.4999993110009494
GGTGAG,0,0.000725689404934688,0.0
GGTGAT,0.000725689404934688,0,725689.4049346879
GGTGCG,0,0.000362844702467344,0.0
GGTGGA,0.000362844702467344,0,362844.70246734394
GGTGGC,0,0.000725689404934688,0.0
GGTGGG,0,0.000725689404934688,0.0
GGTGGT,0.000362844702467344,0.000362844702467344,0.9999972440075955
GGTGTA,0.000362844702467344,0.001451378809869376,0.2499998277501187
GGTGTC,0.000362844702467344,0,362844.70246734394
GGTGTT,0.000362844702467344,0.001451378809869376,0.2499998277501187
GGTTAA,0.000725689404934688,0,725689.4049346879
GGTTAT,0.000362844702467344,0,362844.70246734394
GGTTCC,0.000362844702467344,0,362844.70246734394
GGTTGA,0.0010885341074020319,0.000725689404934688,1.4999979330028481
GGTTGC,0.000362844702467344,0.000362844702467344,0.9999972440075955
GGTTGG,0,0.000362844702467344,0.0
GGTTTA,0.0010885341074020319,0,1088534.1074020318
GGTTTC,0.000362844702467344,0,362844.70246734394
GGTTTT,0,0.001451378809869376,0.0
GTAAAA,0.000362844702467344,0,362844.70246734394
GTAAAC,0.0010885341074020319,0.000725689404934688,1.4999979330028481
GTAAAG,0.000725689404934688,0,725689.4049346879
GTAAAT,0.000725689404934688,0,725689.4049346879
GTAACA,0.000362844702467344,0,362844.70246734394
GTAACG,0.000362844702467344,0,362844.70246734394
GTAACT,0.000362844702467344,0,362844.70246734394
GTAAGC,0,0.000725689404934688,0.0
GTAATA,0.0010885341074020319,0,1088534.1074020318
GTACAA,0,0.000725689404934688,0.0
GTACAC,0,0.001451378809869376,0.0
GTACGA,0.000362844702467344,0,362844.70246734394
GTACGC,0.000362844702467344,0.000725689404934688,0.4999993110009494
GTACTA,0.000725689404934688,0,725689.4049346879
GTACTC,0.000362844702467344,0.0010885341074020319,0.33333302711139245
GTAGAA,0.000362844702467344,0,362844.70246734394
GTAGAC,0.000362844702467344,0.00181422351233672,0.19999988976006078
GTAGAT,0.000362844702467344,0,362844.70246734394
GTAGCC,0.000362844702467344,0,362844.70246734394
GTAGCG,0.000725689404934688,0.000725689404934688,0.9999986220018988
GTAGGG,0.000362844702467344,0,362844.70246734394
GTATAA,0.0021770682148040637,0,2177068.2148040636
GTATAC,0.000362844702467344,0,362844.70246734394
GTATAG,0.000362844702467344,0,362844.70246734394
GTATAT,0.000725689404934688,0,725689.4049346879
GTATCA,0,0.0010885341074020319,0.0
GTATCG,0.000362844702467344,0,362844.70246734394
GTATGA,0.000362844702467344,0.0010885341074020319,0.33333302711139245
GTATGG,0.000362844702467344,0,362844.70246734394
GTATGT,0.000725689404934688,0,725689.4049346879
GTATTA,0.0010885341074020319,0.001451378809869376,0.749999483250356
GTATTC,0,0.0010885341074020319,0.0
GTATTT,0.000362844702467344,0,362844.70246734394
GTCAAG,0.000362844702467344,0,362844.70246734394
GTCAAT,0,0.00181422351233672,0.0
GTCACA,0.000362844702467344,0,362844.70246734394
GTCACC,0,0.000725689404934688,0.0
GTCACG,0.000362844702467344,0.000725689404934688,0.4999993110009494
GTCACT,0.000362844702467344,0,362844.70246734394
GTCAGC,0.000725689404934688,0.00181422351233672,0.39999977952012156
GTCAGG,0.000725689404934688,0,725689.4049346879
GTCATA,0.000362844702467344,0,362844.70246734394
GTCATC,0.000362844702467344,0,362844.70246734394
GTCATT,0.000362844702467344,0,362844.70246734394
GTCCCG,0.000362844702467344,0,362844.70246734394
GTCCGT,0.000725689404934688,0,725689.4049346879
GTCCTC,0.000362844702467344,0.001451378809869376,0.2499998277501187
GTCCTT,0,0.000725689404934688,0.0
GTCGAC,0.000362844702467344,0,362844.70246734394
GTCGAT,0,0.000725689404934688,0.0
GTCGCA,0.000362844702467344,0,362844.70246734394
GTCGCG,0.000362844702467344,0,362844.70246734394
GTCGGC,0.000362844702467344,0,362844.70246734394
GTCGTT,0.000725689404934688,0,725689.4049346879
GTCTAC,0.000725689404934688,0.000725689404934688,0.9999986220018988
GTCTAT,0,0.000725689404934688,0.0
GTCTCA,0,0.000725689404934688,0.0
GTCTCC,0.000362844702467344,0.001451378809869376,0.2499998277501187
GTCTCT,0,0.0010885341074020319,0.0
GTCTTC,0.000362844702467344,0.001451378809869376,0.2499998277501187
GTCTTG,0.000725689404934688,0.00181422351233672,0.39999977952012156
GTGAAA,0.000362844702467344,0,362844.70246734394
GTGAAC,0,0.0025399129172714078,0.0
GTGACA,0.000725689404934688,0,725689.4049346879
GTGACG,0,0.000725689404934688,0.0
GTGAGA,0,0.000725689404934688,0.0
GTGAGT,0,0.000725689404934688,0.0
GTGATG,0.000725689404934688,0,725689.4049346879
GTGATT,0.000725689404934688,0,725689.4049346879
GTGCAA,0.000362844702467344,0,362844.70246734394
GTGCAG,0.000362844702467344,0,362844.70246734394
GTGCAT,0.000362844702467344,0,362844.70246734394
GTGCCC,0,0.0010885341074020319,0.0
GTGCGA,0,0.000362844702467344,0.0
GTGCTT,0.000362844702467344,0.002902757619738752,0.12499995693751484
GTGGAA,0.000362844702467344,0,362844.70246734394
GTGGAC,0.000362844702467344,0,362844.70246734394
GTGGAG,0.000362844702467344,0,362844.70246734394
GTGGAT,0.000362844702467344,0.001451378809869376,0.2499998277501187
GTGGCG,0.000362844702467344,0,362844.70246734394
GTGGCT,0,0.000725689404934688,0.0
GTGGGC,0.000362844702467344,0,362844.70246734394
GTGGGT,0,0.000725689404934688,0.0
GTGGTA,0.000362844702467344,0.000362844702467344,0.9999972440075955
GTGGTT,0.000725689404934688,0,725689.4049346879
GTGTAA,0.0010885341074020319,0.000725689404934688,1.4999979330028481
GTGTAC,0,0.000725689404934688,0.0
GTGTAG,0.000362844702467344,0,362844.70246734394
GTGTAT,0.0010885341074020319,0.000362844702467344,2.9999917320227865
GTGTCG,0.000362844702467344,0,362844.70246734394
GTGTCT,0.000362844702467344,0,362844.70246734394
GTGTGG,0.000362844702467344,0,362844.70246734394
GTGTGT,0.000362844702467344,0,362844.70246734394
GTGTTA,0.000725689404934688,0,725689.4049346879
GTGTTG,0.000362844702467344,0,362844.70246734394
GTGTTT,0.000362844702467344,0.001451378809869376,0.2499998277501187
GTTAAA,0.000362844702467344,0,362844.70246734394
GTTAAC,0.000362844702467344,0.000362844702467344,0.9999972440075955
GTTAAG,0.000362844702467344,0,362844.70246734394
GTTAAT,0.000362844702467344,0.0010885341074020319,0.33333302711139245
GTTACA,0.000725689404934688,0,725689.4049346879
GTTACG,0.000362844702467344,0,362844.70246734394
GTTACT,0.000362844702467344,0.0010885341074020319,0.33333302711139245
GTTAGA,0.0010885341074020319,0,1088534.1074020318
GTTAGT,0.000362844702467344,0,362844.70246734394
GTTATA,0.000725689404934688,0,725689.4049346879
GTTATC,0.000725689404934688,0.000725689404934688,0.9999986220018988
GTTATG,0.000362844702467344,0,362844.70246734394
GTTATT,0.000362844702467344,0,362844.70246734394
GTTCAA,0,0.00181422351233672,0.0
GTTCAC,0,0.000362844702467344,0.0
GTTCAG,0.000362844702467344,0,362844.70246734394
GTTCCA,0.000362844702467344,0,362844.70246734394
GTTCGA,0,0.000362844702467344,0.0
GTTCGG,0.000362844702467344,0,362844.70246734394
GTTCTG,0.000362844702467344,0,362844.70246734394
GTTCTT,0.000362844702467344,0,362844.70246734394
GTTGAC,0.0010885341074020319,0.000725689404934688,1.4999979330028481
GTTGAG,0.000725689404934688,0.0010885341074020319,0.6666660542227849
GTTGAT,0,0.0010885341074020319,0.0
GTTGCA,0.000362844702467344,0,362844.70246734394
GTTGCC,0.000362844702467344,0,362844.70246734394
GTTGCG,0.000362844702467344,0.000362844702467344,0.9999972440075955
GTTGGA,0,0.000362844702467344,0.0
GTTGGC,0.000725689404934688,0.000362844702467344,1.999994488015191
GTTGGG,0.000362844702467344,0,362844.70246734394
GTTGTA,0.000362844702467344,0,362844.70246734394
GTTGTC,0.000725689404934688,0,725689.4049346879
GTTGTG,0.000725689404934688,0,725689.4049346879
GTTGTT,0.000725689404934688,0,725689.4049346879
GTTTAC,0.000725689404934688,0.000725689404934688,0.9999986220018988
GTTTAG,0.000725689404934688,0,725689.4049346879
GTTTAT,0.0010885341074020319,0,1088534.1074020318
GTTTCC,0,0.000725689404934688,0.0
GTTTCT,0.000725689404934688,0,725689.4049346879
GTTTGT,0.000362844702467344,0,362844.70246734394
GTTTTA,0.000362844702467344,0,362844.70246734394
GTTTTG,0,0.001451378809869376,0.0
GTTTTT,0.0010885341074020319,0.001451378809869376,0.749999483250356
TAAAAA,0.0010885341074020319,0,1088534.1074020318
TAAAAG,0.000362844702467344,0,362844.70246734394
TAAAAT,0.0010885341074020319,0,1088534.1074020318
TAAACC,0.000725689404934688,0,725689.4049346879
TAAACG,0,0.0021770682148040637,0.0
TAAACT,0.000362844702467344,0,362844.70246734394
TAAAGA,0.000362844702467344,0,362844.70246734394
TAAAGG,0.000362844702467344,0,362844.70246734394
TAAAGT,0.000362844702467344,0,362844.70246734394
TAAATA,0.000362844702467344,0.000362844702467344,0.9999972440075955
TAAATC,0.000362844702467344,0,362844.70246734394
TAAATG,0.000362844702467344,0.001451378809869376,0.2499998277501187
TAAATT,0.000725689404934688,0,725689.4049346879
TAACAA,0.000362844702467344,0,362844.70246734394
TAACAC,0.000725689404934688,0,725689.4049346879
TAACAG,0.000362844702467344,0,362844.70246734394
TAACAT,0.000362844702467344,0.000362844702467344,0.9999972440075955
TAACCA,0.001451378809869376,0.000725689404934688,1.9999972440037976
TAACCC,0.000725689404934688,0,725689.4049346879
TAACCG,0,0.00181422351233672,0.0
TAACGC,0.000725689404934688,0.00181422351233672,0.39999977952012156
TAACGT,0.000362844702467344,0,362844.70246734394
TAACTA,0.000725689404934688,0,725689.4049346879
TAACTC,0.0010885341074020319,0,1088534.1074020318
TAACTG,0.000362844702467344,0,362844.70246734394
TAAGAT,0.000362844702467344,0,362844.70246734394
TAAGCC,0.000362844702467344,0,362844.70246734394
TAAGCT,0,0.000725689404934688,0.0
TAAGGA,0,0.000362844702467344,0.0
TAAGTA,0.000725689404934688,0,725689.4049346879
TAATAA,0.000362844702467344,0.000362844702467344,0.9999972440075955
TAATAC,0.000362844702467344,0,362844.70246734394
TAATAT,0.000725689404934688,0,725689.4049346879
TAATCA,0.000725689404934688,0,725689.4049346879
TAATCG,0.000362844702467344,0.0010885341074020319,0.33333302711139245
TAATGC,0.003265602322206096,0,3265602.322206096
TAATGG,0.000362844702467344,0.000362844702467344,0.9999972440075955
TAATGT,0.000362844702467344,0.000362844702467344,0.9999972440075955
TAATTA,0.0010885341074020319,0,1088534.1074020318
TAATTC,0.000362844702467344,0,362844.70246734394
TAATTG,0.000362844702467344,0,362844.70246734394
TAATTT,0.0010885341074020319,0,1088534.1074020318
TACAAA,0.0010885341074020319,0,1088534.1074020318
TACAAG,0.000725689404934688,0,725689.4049346879
TACAAT,0.000725689404934688,0.000725689404934688,0.9999986220018988
TACACA,0,0.000725689404934688,0.0
TACACC,0.000362844702467344,0.000725689404934688,0.4999993110009494
TACACT,0.000362844702467344,0,362844.70246734394
TACAGC,0.000362844702467344,0,362844.70246734394
TACAGT,0.000362844702467344,0,362844.70246734394
TACATA,0.000362844702467344,0,362844.70246734394
TACATG,0,0.000362844702467344,0.0
TACCCA,0.000362844702467344,0,362844.70246734394
TACCCC,0.000362844702467344,0,362844.70246734394
TACCCG,0.000362844702467344,0,362844.70246734394
TACCTG,0.000725689404934688,0.000725689404934688,0.9999986220018988
TACCTT,0.000362844702467344,0,362844.70246734394
TACGAC,0.000362844702467344,0.000725689404934688,0.4999993110009494
TACGAT,0,0.0021770682148040637,0.0
TACGCA,0.000725689404934688,0.0010885341074020319,0.6666660542227849
TACGCC,0.000725689404934688,0.000725689404934688,0.9999986220018988
TACGCG,0.000362844702467344,0.000362844702467344,0.9999972440075955
TACGCT,0.000725689404934688,0,725689.4049346879
TACGGC,0,0.0010885341074020319,0.0
TACGGT,0.000725689404934688,0.000725689404934688,0.9999986220018988
TACGTA,0.000362844702467344,0,362844.70246734394
TACGTG,0.000362844702467344,0,362844.70246734394
TACGTT,0,0.000725689404934688,0.0
TACTAA,0.000362844702467344,0,362844.70246734394
TACTAC,0,0.001451378809869376,0.0
TACTAG,0.000725689404934688,0,725689.4049346879
TACTAT,0.000362844702467344,0,362844.70246734394
TACTCA,0.000362844702467344,0,362844.70246734394
TACTCC,0,0.001451378809869376,0.0
TACTCT,0.000362844702467344,0,362844.70246734394
TACTGA,0.000362844702467344,0.000362844702467344,0.9999972440075955
TACTGC,0.000725689404934688,0,725689.4049346879
TACTGG,0,0.0010885341074020319,0.0
TACTGT,0.000725689404934688,0.0021770682148040637,0.3333331802222926
TACTTA,0.000362844702467344,0,362844.70246734394
TACTTC,0,0.000362844702467344,0.0
TACTTG,0.0010885341074020319,0,1088534.1074020318
TACTTT,0.000362844702467344,0,362844.70246734394
TAGAAA,0.000725689404934688,0,725689.4049346879
TAGAAT,0.00181422351233672,0,1814223.5123367198
TAGACA,0.000725689404934688,0,725689.4049346879
TAGACC,0,0.000725689404934688,0.0
TAGACG,0,0.00181422351233672,0.0
TAGACT,0.000362844702467344,0,362844.70246734394
TAGAGA,0.000362844702467344,0.0010885341074020319,0.33333302711139245
TAGAGG,0,0.000362844702467344,0.0
TAGAGT,0.000725689404934688,0,725689.4049346879
TAGATG,0.000362844702467344,0,362844.70246734394
TAGATT,0.000362844702467344,0,362844.70246734394
TAGCAA,0.000362844702467344,0,362844.70246734394
TAGCCA,0.000362844702467344,0.000362844702467344,0.9999972440075955
TAGCCT,0.000362844702467344,0.000362844702467344,0.9999972440075955
TAGCGA,0.000362844702467344,0,362844.70246734394
TAGCGC,0.000362844702467344,0.000725689404934688,0.4999993110009494
TAGCGG,0.0010885341074020319,0,1088534.1074020318
TAGCTT,0.000362844702467344,0.000725689404934688,0.4999993110009494
TAGGAC,0,0.000725689404934688,0.0
TAGGCA,0.0010885341074020319,0,1088534.1074020318
TAGGGT,0.000362844702467344,0,362844.70246734394
TAGGTC,0.000362844702467344,0,362844.70246734394
TAGGTT,0.000725689404934688,0,725689.4049346879
TAGTAC,0.000362844702467344,0,362844.70246734394
TAGTCA,0.000362844702467344,0,362844.70246734394
TAGTCG,0.000725689404934688,0,725689.4049346879
TAGTCT,0,0.000725689404934688,0.0
TAGTGC,0.000362844702467344,0,362844.70246734394
TAGTGG,0.000362844702467344,0,362844.70246734394
TAGTTA,0.000362844702467344,0,362844.70246734394
TAGTTG,0.000362844702467344,0,362844.70246734394
TATAAA,0.000725689404934688,0,725689.4049346879
TATAAC,0.000725689404934688,0,725689.4049346879
TATAAG,0.000362844702467344,0,362844.70246734394
TATAAT,0.00362844702467344,0,3628447.0246734396
TATACG,0.001451378809869376,0,1451378.8098693758
TATACT,0.001451378809869376,0,1451378.8098693758
TATAGA,0.000362844702467344,0,362844.70246734394
TATAGG,0.000362844702467344,0,362844.70246734394
TATAGT,0.000362844702467344,0,362844.70246734394
TATATA,0.000362844702467344,0,362844.70246734394
TATATG,0,0.0010885341074020319,0.0
TATATT,0.000725689404934688,0,725689.4049346879
TATCAA,0,0.000725689404934688,0.0
TATCAG,0,0.0010885341074020319,0.0
TATCAT,0.000362844702467344,0,362844.70246734394
TATCCA,0.000725689404934688,0,725689.4049346879
TATCCT,0.000725689404934688,0,725689.4049346879
TATCGA,0.000362844702467344,0,362844.70246734394
TATCGC,0.000362844702467344,0,362844.70246734394
TATCGG,0,0.000725689404934688,0.0
TATCGT,0.000362844702467344,0,362844.70246734394
TATCTT,0.000725689404934688,0,725689.4049346879
TATGAA,0,0.0010885341074020319,0.0
TATGAC,0,0.000725689404934688,0.0
TATGAG,0.000362844702467344,0.000362844702467344,0.9999972440075955
TATGAT,0.000725689404934688,0,725689.4049346879
TATGCA,0.000725689404934688,0,725689.4049346879
TATGCG,0,0.0010885341074020319,0.0
TATGCT,0.0010885341074020319,0.000725689404934688,1.4999979330028481
TATGGC,0.000362844702467344,0,362844.70246734394
TATGGT,0.001451378809869376,0,1451378.8098693758
TATGTA,0.000362844702467344,0,362844.70246734394
TATGTG,0,0.000725689404934688,0.0
TATGTT,0.000362844702467344,0,362844.70246734394
TATTAC,0,0.0010885341074020319,0.0
TATTAG,0.000362844702467344,0,362844.70246734394
TATTAT,0.0010885341074020319,0,1088534.1074020318
TATTCA,0,0.000362844702467344,0.0
TATTCC,0.0010885341074020319,0,1088534.1074020318
TATTCG,0.000362844702467344,0.001451378809869376,0.2499998277501187
TATTCT,0.000362844702467344,0.0010885341074020319,0.33333302711139245
TATTGA,0.000725689404934688,0,725689.4049346879
TATTGC,0.000362844702467344,0,362844.70246734394
TATTGG,0,0.000362844702467344,0.0
TATTTA,0.000362844702467344,0,362844.70246734394
TATTTC,0.000725689404934688,0,725689.4049346879
TATTTG,0.000362844702467344,0,362844.70246734394
TATTTT,0.00181422351233672,0,1814223.5123367198
TCAAAA,0.000725689404934688,0,725689.4049346879
TCAACA,0.000725689404934688,0.003265602322206096,0.22222215417286034
TCAACG,0.000362844702467344,0.000725689404934688,0.4999993110009494
TCAAGA,0.000362844702467344,0.000725689404934688,0.4999993110009494
TCAAGC,0,0.000362844702467344,0.0
TCAAGG,0,0.00181422351233672,0.0
TCAATC,0,0.00362844702467344,0.0
TCAATG,0.000362844702467344,0.0021770682148040637,0.1666665901111463
TCACAC,0.000362844702467344,0,362844.70246734394
TCACAG,0.000362844702467344,0,362844.70246734394
TCACCA,0,0.000725689404934688,0.0
TCACGC,0.000362844702467344,0,362844.70246734394
TCACGG,0,0.000725689404934688,0.0
TCACTA,0.000362844702467344,0,362844.70246734394
TCACTT,0,0.000362844702467344,0.0
TCAGAA,0.000725689404934688,0,725689.4049346879
TCAGAC,0,0.001451378809869376,0.0
TCAGAG,0,0.000725689404934688,0.0
TCAGCC,0.000725689404934688,0.0021770682148040637,0.3333331802222926
TCAGCG,0,0.000362844702467344,0.0
TCAGCT,0,0.000725689404934688,0.0
TCAGGA,0,0.000725689404934688,0.0
TCAGGC,0.000725689404934688,0.000725689404934688,0.9999986220018988
TCAGGG,0.000362844702467344,0,362844.70246734394
TCAGGT,0,0.000362844702467344,0.0
TCAGTG,0,0.000725689404934688,0.0
TCAGTT,0.000362844702467344,0,362844.70246734394
TCATAA,0.000362844702467344,0,362844.70246734394
TCATAC,0.000362844702467344,0.000725689404934688,0.4999993110009494
TCATCG,0.000725689404934688,0,725689.4049346879
TCATGA,0.000362844702467344,0,362844.70246734394
TCATGC,0.000362844702467344,0,362844.70246734394
TCATGT,0,0.000725689404934688,0.0
TCATTA,0,0.000362844702467344,0.0
TCATTC,0.000362844702467344,0,362844.70246734394
TCATTT,0.000362844702467344,0,362844.70246734394
TCCAAA,0.000725689404934688,0,725689.4049346879
TCCAAG,0,0.000725689404934688,0.0
TCCACG,0,0.000725689404934688,0.0
TCCACT,0.000362844702467344,0,362844.70246734394
TCCAGT,0.000725689404934688,0,725689.4049346879
TCCATA,0.000725689404934688,0,725689.4049346879
TCCATC,0.000725689404934688,0.000362844702467344,1.999994488015191
TCCATG,0.000362844702467344,0.0010885341074020319,0.33333302711139245
TCCCAC,0.000362844702467344,0,362844.70246734394
TCCCAG,0.0010885341074020319,0,1088534.1074020318
TCCCGC,0.000362844702467344,0,362844.70246734394
TCCCTA,0.00181422351233672,0.000362844702467344,4.999986220037978
TCCGCA,0.000362844702467344,0,362844.70246734394
TCCGCG,0,0.0010885341074020319,0.0
TCCGCT,0.000362844702467344,0,362844.70246734394
TCCGGC,0.000362844702467344,0,362844.70246734394
TCCGGT,0,0.0021770682148040637,0.0
TCCGTG,0.000362844702467344,0,362844.70246734394
TCCGTT,0.0010885341074020319,0.001451378809869376,0.749999483250356
TCCTAC,0.000362844702467344,0.000362844702467344,0.9999972440075955
TCCTCA,0.000362844702467344,0.001451378809869376,0.2499998277501187
TCCTCG,0.000362844702467344,0,362844.70246734394
TCCTCT,0.000362844702467344,0,362844.70246734394
TCCTGA,0.0010885341074020319,0,1088534.1074020318
TCCTGT,0.000362844702467344,0,362844.70246734394
TCCTTC,0,0.000362844702467344,0.0
TCCTTG,0.000362844702467344,0.000725689404934688,0.4999993110009494
TCGAAC,0.000725689404934688,0,725689.4049346879
TCGAAG,0.000362844702467344,0,362844.70246734394
TCGAAT,0.000362844702467344,0,362844.70246734394
TCGACA,0.000725689404934688,0.00181422351233672,0.39999977952012156
TCGACG,0.000362844702467344,0,362844.70246734394
TCGACT,0.000362844702467344,0,362844.70246734394
TCGATA,0.000362844702467344,0.000362844702467344,0.9999972440075955
TCGATC,0.000362844702467344,0,362844.70246734394
TCGATG,0,0.0010885341074020319,0.0
TCGCAA,0.000725689404934688,0,725689.4049346879
TCGCAC,0.000725689404934688,0,725689.4049346879
TCGCAT,0.001451378809869376,0,1451378.8098693758
TCGCCA,0.000362844702467344,0.000362844702467344,0.9999972440075955
TCGCCC,0.000362844702467344,0,362844.70246734394
TCGCCT,0.000362844702467344,0,362844.70246734394
TCGCGA,0.000362844702467344,0,362844.70246734394
TCGCGG,0.000362844702467344,0,362844.70246734394
TCGCGT,0.000362844702467344,0,362844.70246734394
TCGCTT,0.000725689404934688,0.0010885341074020319,0.6666660542227849
TCGGAG,0,0.000362844702467344,0.0
TCGGAT,0.000362844702467344,0,362844.70246734394
TCGGCA,0.000362844702467344,0,362844.70246734394
TCGGCC,0.000362844702467344,0,362844.70246734394
TCGGCG,0.000362844702467344,0.000362844702467344,0.9999972440075955
TCGGTG,0.000725689404934688,0.000725689404934688,0.9999986220018988
TCGTAC,0.000362844702467344,0,362844.70246734394
TCGTAG,0,0.000362844702467344,0.0
TCGTAT,0.000362844702467344,0,362844.70246734394
TCGTCC,0,0.001451378809869376,0.0
TCGTCT,0.000362844702467344,0.00181422351233672,0.19999988976006078
TCGTGG,0,0.001451378809869376,0.0
TCGTGT,0.000362844702467344,0,362844.70246734394
TCGTTA,0.000725689404934688,0,725689.4049346879
TCGTTG,0.000362844702467344,0,362844.70246734394
TCTAAA,0,0.001451378809869376,0.0
TCTAAC,0.0010885341074020319,0,1088534.1074020318
TCTAAT,0,0.000362844702467344,0.0
TCTACA,0.0010885341074020319,0,1088534.1074020318
TCTACC,0.000362844702467344,0,362844.70246734394
TCTACG,0,0.000362844702467344,0.0
TCTACT,0.000362844702467344,0.000725689404934688,0.4999993110009494
TCTATA,0.000725689404934688,0,725689.4049346879
TCTATC,0,0.000725689404934688,0.0
TCTATT,0.000362844702467344,0,362844.70246734394
TCTCAA,0.000725689404934688,0.001451378809869376,0.4999996555002374
TCTCAG,0,0.000725689404934688,0.0
TCTCCA,0.0010885341074020319,0,1088534.1074020318
TCTCCG,0,0.001451378809869376,0.0
TCTCCT,0.000362844702467344,0,362844.70246734394
TCTCGA,0,0.000362844702467344,0.0
TCTCGT,0.000362844702467344,0.001451378809869376,0.2499998277501187
TCTCTA,0.000362844702467344,0,362844.70246734394
TCTCTG,0,0.0010885341074020319,0.0
TCTGAA,0.0010885341074020319,0,1088534.1074020318
TCTGAG,0.000362844702467344,0,362844.70246734394
TCTGAT,0.000362844702467344,0,362844.70246734394
TCTGCA,0,0.0010885341074020319,0.0
TCTGCC,0.000362844702467344,0,362844.70246734394
TCTGGC,0.000362844702467344,0.000362844702467344,0.9999972440075955
TCTGGT,0,0.00181422351233672,0.0
TCTGTA,0.0010885341074020319,0,1088534.1074020318
TCTGTG,0.000362844702467344,0,362844.70246734394
TCTTAC,0.000362844702467344,0.000725689404934688,0.4999993110009494
TCTTAT,0.000362844702467344,0,362844.70246734394
TCTTCC,0.000362844702467344,0.000725689404934688,0.4999993110009494
TCTTCG,0,0.000725689404934688,0.0
TCTTGA,0.000362844702467344,0.00181422351233672,0.19999988976006078
TCTTGC,0.0010885341074020319,0,1088534.1074020318
TCTTGT,0.0010885341074020319,0.00181422351233672,0.5999996692801822
TCTTTA,0.000725689404934688,0,725689.4049346879
TCTTTG,0.000362844702467344,0,362844.70246734394
TGAAAA,0.0010885341074020319,0,1088534.1074020318
TGAAAG,0.000725689404934688,0.001451378809869376,0.4999996555002374
TGAAAT,0.0010885341074020319,0,1088534.1074020318
TGAACA,0.000362844702467344,0.001451378809869376,0.2499998277501187
TGAACC,0,0.000725689404934688,0.0
TGAACG,0,0.001451378809869376,0.0
TGAACT,0.0010885341074020319,0.000725689404934688,1.4999979330028481
TGAAGC,0.000362844702467344,0,362844.70246734394
TGAAGG,0,0.000362844702467344,0.0
TGAAGT,0,0.000362844702467344,0.0
TGAATA,0,0.000362844702467344,0.0
TGACAA,0.000725689404934688,0,725689.4049346879
TGACAC,0.000362844702467344,0,362844.70246734394
TGACAG,0.000362844702467344,0,362844.70246734394
TGACAT,0.000362844702467344,0.000362844702467344,0.9999972440075955
TGACCG,0,0.000725689404934688,0.0
TGACCT,0,0.000725689404934688,0.0
TGACGA,0.000362844702467344,0,362844.70246734394
TGACGC,0.0010885341074020319,0.000725689404934688,1.4999979330028481
TGACTC,0.0010885341074020319,0.0025399129172714078,0.4285712598368011
TGACTT,0.000362844702467344,0,362844.70246734394
TGAGAC,0,0.0010885341074020319,0.0
TGAGAG,0,0.000725689404934688,0.0
TGAGAT,0,0.00181422351233672,0.0
TGAGCA,0.000362844702467344,0.000362844702467344,0.9999972440075955
TGAGCC,0.000362844702467344,0,362844.70246734394
TGAGCT,0.000725689404934688,0,725689.4049346879
TGAGGA,0,0.0010885341074020319,0.0
TGAGGC,0,0.000725689404934688,0.0
TGAGGG,0,0.001451378809869376,0.0
TGAGTA,0.000362844702467344,0.000725689404934688,0.4999993110009494
TGAGTG,0.000362844702467344,0.001451378809869376,0.2499998277501187
TGAGTT,0.000362844702467344,0.000725689404934688,0.4999993110009494
TGATAC,0.000362844702467344,0.0010885341074020319,0.33333302711139245
TGATAG,0.000362844702467344,0,362844.70246734394
TGATAT,0.000725689404934688,0,725689.4049346879
TGATCC,0.000725689404934688,0,725689.4049346879
TGATGA,0.000725689404934688,0,725689.4049346879
TGATGC,0.000362844702467344,0,362844.70246734394
TGATGT,0.000362844702467344,0.000725689404934688,0.4999993110009494
TGATTA,0.000725689404934688,0,725689.4049346879
TGATTG,0.000362844702467344,0,362844.70246734394
TGATTT,0.000362844702467344,0.0010885341074020319,0.33333302711139245
TGCAAA,0.000725689404934688,0,725689.4049346879
TGCAAG,0.000362844702467344,0,362844.70246734394
TGCAAT,0.000725689404934688,0,725689.4049346879
TGCACA,0.000725689404934688,0,725689.4049346879
TGCACG,0,0.000725689404934688,0.0
TGCAGC,0,0.000725689404934688,0.0
TGCAGT,0.000362844702467344,0,362844.70246734394
TGCATA,0,0.001451378809869376,0.0
TGCATG,0.000362844702467344,0.0010885341074020319,0.33333302711139245
TGCATT,0.0010885341074020319,0,1088534.1074020318
TGCCAG,0,0.000362844702467344,0.0
TGCCCG,0.000362844702467344,0,362844.70246734394
TGCCCT,0,0.0010885341074020319,0.0
TGCCGC,0.000362844702467344,0.0010885341074020319,0.33333302711139245
TGCCGT,0.000725689404934688,0,725689.4049346879
TGCCTG,0,0.001451378809869376,0.0
TGCCTT,0.000725689404934688,0,725689.4049346879
TGCGAC,0.000362844702467344,0,362844.70246734394
TGCGAG,0,0.001451378809869376,0.0
TGCGAT,0,0.000362844702467344,0.0
TGCGCA,0.000362844702467344,0.001451378809869376,0.2499998277501187
TGCGCC,0.002902757619738752,0,2902757.6197387516
TGCGCG,0.0010885341074020319,0,1088534.1074020318
TGCGCT,0,0.000725689404934688,0.0
TGCGGA,0.000725689404934688,0,725689.4049346879
TGCGGC,0.000362844702467344,0,362844.70246734394
TGCGGT,0,0.00181422351233672,0.0
TGCGTT,0.000362844702467344,0.000362844702467344,0.9999972440075955
TGCTAA,0.000362844702467344,0,362844.70246734394
TGCTAT,0.0010885341074020319,0,1088534.1074020318
TGCTCA,0,0.000362844702467344,0.0
TGCTGA,0,0.001451378809869376,0.0
TGCTGG,0,0.000725689404934688,0.0
TGCTGT,0.000362844702467344,0,362844.70246734394
TGCTTA,0,0.000725689404934688,0.0
TGCTTC,0.000725689404934688,0.001451378809869376,0.4999996555002374
TGCTTG,0.000725689404934688,0,725689.4049346879
TGCTTT,0.0010885341074020319,0.0021770682148040637,0.49999977033343884
TGGAAA,0.000362844702467344,0,362844.70246734394
TGGAAC,0,0.000362844702467344,0.0
TGGAAG,0,0.000725689404934688,0.0
TGGAAT,0.000362844702467344,0,362844.70246734394
TGGACG,0,0.00181422351233672,0.0
TGGACT,0.000362844702467344,0.000362844702467344,0.9999972440075955
TGGAGA,0,0.000362844702467344,0.0
TGGAGG,0.000362844702467344,0,362844.70246734394
TGGAGT,0,0.0010885341074020319,0.0
TGGATA,0.000362844702467344,0,362844.70246734394
TGGATG,0,0.0025399129172714078,0.0
TGGATT,0,0.0010885341074020319,0.0
TGGCAC,0.000362844702467344,0.000362844702467344,0.9999972440075955
TGGCAT,0.0010885341074020319,0,1088534.1074020318
TGGCCG,0.000362844702467344,0,362844.70246734394
TGGCCT,0,0.001451378809869376,0.0
TGGCGA,0.000362844702467344,0.000362844702467344,0.9999972440075955
TGGCGC,0.000362844702467344,0,362844.70246734394
TGGCGG,0,0.000725689404934688,0.0
TGGCGT,0,0.000725689404934688,0.0
TGGCTA,0.000362844702467344,0.000725689404934688,0.4999993110009494
TGGCTT,0,0.000362844702467344,0.0
TGGGAT,0.000362844702467344,0,362844.70246734394
TGGGCG,0.000362844702467344,0,362844.70246734394
TGGGGA,0.000362844702467344,0,362844.70246734394
TGGGTA,0,0.000725689404934688,0.0
TGGGTT,0.000362844702467344,0,362844.70246734394
TGGTAA,0.000362844702467344,0,362844.70246734394
TGGTAG,0.000362844702467344,0,362844.70246734394
TGGTAT,0,0.00181422351233672,0.0
TGGTCT,0,0.000362844702467344,0.0
TGGTGA,0.000362844702467344,0,362844.70246734394
TGGTGT,0.000362844702467344,0,362844.70246734394
TGGTTA,0.000725689404934688,0,725689.4049346879
TGGTTC,0.000362844702467344,0,362844.70246734394
TGGTTT,0.000725689404934688,0,725689.4049346879
TGTAAA,0.001451378809869376,0.000725689404934688,1.9999972440037976
TGTAAC,0.000362844702467344,0,362844.70246734394
TGTAAG,0,0.000725689404934688,0.0
TGTAAT,0.000725689404934688,0,725689.4049346879
TGTACA,0,0.000725689404934688,0.0
TGTACT,0.000362844702467344,0.000725689404934688,0.4999993110009494
TGTAGA,0.000362844702467344,0.0010885341074020319,0.33333302711139245
TGTAGC,0.0010885341074020319,0,1088534.1074020318
TGTATA,0.00181422351233672,0,1814223.5123367198
TGTATC,0.000362844702467344,0,362844.70246734394
TGTATG,0.000362844702467344,0.000362844702467344,0.9999972440075955
TGTATT,0.000362844702467344,0,362844.70246734394
TGTCAC,0.000725689404934688,0.0010885341074020319,0.6666660542227849
TGTCAG,0.0010885341074020319,0.00181422351233672,0.5999996692801822
TGTCAT,0.000362844702467344,0,362844.70246734394
TGTCCC,0.000362844702467344,0,362844.70246734394
TGTCCT,0,0.000725689404934688,0.0
TGTCGA,0,0.000725689404934688,0.0
TGTCGG,0.000362844702467344,0,362844.70246734394
TGTCGT,0.000725689404934688,0,725689.4049346879
TGTCTA,0.000362844702467344,0.000362844702467344,0.9999972440075955
TGTCTC,0.000362844702467344,0,362844.70246734394
TGTCTT,0.000725689404934688,0.000725689404934688,0.9999986220018988
TGTGAA,0,0.0021770682148040637,0.0
TGTGAG,0,0.000725689404934688,0.0
TGTGAT,0.000362844702467344,0,362844.70246734394
TGTGCA,0.000725689404934688,0,725689.4049346879
TGTGGA,0.0010885341074020319,0,1088534.1074020318
TGTGTA,0.00181422351233672,0.000725689404934688,2.4999965550047474
TGTGTG,0.000362844702467344,0,362844.70246734394
TGTGTT,0.000725689404934688,0,725689.4049346879
TGTTAA,0.000362844702467344,0.0010885341074020319,0.33333302711139245
TGTTAC,0.000725689404934688,0,725689.4049346879
TGTTAG,0.000725689404934688,0,725689.4049346879
TGTTAT,0.0010885341074020319,0,1088534.1074020318
TGTTCA,0.000362844702467344,0,362844.70246734394
TGTTGA,0.000362844702467344,0.0010885341074020319,0.33333302711139245
TGTTGC,0.000362844702467344,0,362844.70246734394
TGTTGG,0.000725689404934688,0,725689.4049346879
TGTTGT,0.0010885341074020319,0,1088534.1074020318
TGTTTA,0,0.000725689404934688,0.0
TGTTTC,0.000362844702467344,0,362844.70246734394
TGTTTT,0.000725689404934688,0.001451378809869376,0.4999996555002374
TTAAAA,0.000725689404934688,0,725689.4049346879
TTAAAT,0.000362844702467344,0,362844.70246734394
TTAACA,0.000362844702467344,0,362844.70246734394
TTAACC,0.000725689404934688,0.00181422351233672,0.39999977952012156
TTAACT,0.000725689404934688,0,725689.4049346879
TTAAGC,0.000362844702467344,0,362844.70246734394
TTAAGT,0.000725689404934688,0,725689.4049346879
TTAATA,0.000362844702467344,0.000362844702467344,0.9999972440075955
TTAATC,0.000362844702467344,0.0010885341074020319,0.33333302711139245
TTAATG,0.000362844702467344,0,362844.70246734394
TTAATT,0.000725689404934688,0,725689.4049346879
TTACAA,0.00181422351233672,0,1814223.5123367198
TTACAC,0.000362844702467344,0,362844.70246734394
TTACAG,0.000362844702467344,0,362844.70246734394
TTACAT,0.000362844702467344,0,362844.70246734394
TTACCC,0.000362844702467344,0,362844.70246734394
TTACCT,0.000362844702467344,0,362844.70246734394
TTACGC,0.000725689404934688,0,725689.4049346879
TTACGT,0.000725689404934688,0.000362844702467344,1.999994488015191
TTACTC,0,0.000362844702467344,0.0
TTACTG,0.000362844702467344,0.003265602322206096,0.11111107708643017
TTAGAA,0.001451378809869376,0,1451378.8098693758
TTAGAG,0.000362844702467344,0.0010885341074020319,0.33333302711139245
TTAGCC,0.000362844702467344,0.000362844702467344,0.9999972440075955
TTAGCG,0.000725689404934688,0,725689.4049346879
TTAGCT,0.000362844702467344,0.000725689404934688,0.4999993110009494
TTAGGC,0.000362844702467344,0,362844.70246734394
TTAGGT,0.001451378809869376,0,1451378.8098693758
TTAGTC,0.000362844702467344,0,362844.70246734394
TTAGTT,0.000362844702467344,0,362844.70246734394
TTATAA,0.0010885341074020319,0,1088534.1074020318
TTATAC,0.000725689404934688,0,725689.4049346879
TTATAG,0.000362844702467344,0,362844.70246734394
TTATAT,0.000362844702467344,0,362844.70246734394
TTATCA,0.000362844702467344,0.000725689404934688,0.4999993110009494
TTATCC,0.000725689404934688,0,725689.4049346879
TTATCG,0.000362844702467344,0,362844.70246734394
TTATCT,0.000362844702467344,0,362844.70246734394
TTATGA,0.000362844702467344,0,362844.70246734394
TTATGC,0.001451378809869376,0,1451378.8098693758
TTATGG,0.000725689404934688,0,725689.4049346879
TTATTC,0.0010885341074020319,0.0010885341074020319,0.9999990813341774
TTATTG,0.000362844702467344,0,362844.70246734394
TTATTT,0.001451378809869376,0,1451378.8098693758
TTCAAC,0.000362844702467344,0.00181422351233672,0.19999988976006078
TTCAAG,0,0.000725689404934688,0.0
TTCAAT,0,0.0010885341074020319,0.0
TTCACT,0,0.000362844702467344,0.0
TTCAGA,0.000362844702467344,0,362844.70246734394
TTCAGG,0.000362844702467344,0.000362844702467344,0.9999972440075955
TTCAGT,0.000362844702467344,0,362844.70246734394
TTCATG,0,0.000725689404934688,0.0
TTCCAA,0.000362844702467344,0,362844.70246734394
TTCCAC,0,0.000725689404934688,0.0
TTCCAT,0.000362844702467344,0.0010885341074020319,0.33333302711139245
TTCCCA,0.000725689404934688,0,725689.4049346879
TTCCCG,0.000362844702467344,0,362844.70246734394
TTCCGC,0.000362844702467344,0,362844.70246734394
TTCCGG,0.000362844702467344,0.001451378809869376,0.2499998277501187
TTCCGT,0,0.001451378809869376,0.0
TTCCTC,0.000362844702467344,0,362844.70246734394
TTCCTG,0.000725689404934688,0,725689.4049346879
TTCGAA,0.000362844702467344,0,362844.70246734394
TTCGAT,0,0.000362844702467344,0.0
TTCGCA,0.000725689404934688,0,725689.4049346879
TTCGCG,0.000362844702467344,0,362844.70246734394
TTCGCT,0.000362844702467344,0,362844.70246734394
TTCGGC,0.000725689404934688,0,725689.4049346879
TTCGGT,0.000725689404934688,0,725689.4049346879
TTCGTA,0,0.000725689404934688,0.0
TTCGTC,0,0.00181422351233672,0.0
TTCGTT,0,0.000362844702467344,0.0
TTCTAA,0.000725689404934688,0,725689.4049346879
TTCTAC,0.000725689404934688,0,725689.4049346879
TTCTAT,0.000362844702467344,0,362844.70246734394
TTCTCA,0.000362844702467344,0.0010885341074020319,0.33333302711139245
TTCTCC,0.000725689404934688,0,725689.4049346879
TTCTGA,0.000725689404934688,0,725689.4049346879
TTCTGC,0.000362844702467344,0,362844.70246734394
TTCTGG,0.000362844702467344,0.000725689404934688,0.4999993110009494
TTCTGT,0.000362844702467344,0,362844.70246734394
TTCTTA,0,0.000725689404934688,0.0
TTCTTG,0.0010885341074020319,0.0021770682148040637,0.49999977033343884
TTGAAA,0.000725689404934688,0,725689.4049346879
TTGAAG,0.000362844702467344,0.000362844702467344,0.9999972440075955
TTGACA,0.000725689404934688,0,725689.4049346879
TTGACC,0,0.000725689404934688,0.0
TTGACG,0.000725689404934688,0,725689.4049346879
TTGACT,0.001451378809869376,0.0021770682148040637,0.6666663604445852
TTGAGA,0.000362844702467344,0.0010885341074020319,0.33333302711139245
TTGAGC,0.000362844702467344,0,362844.70246734394
TTGAGG,0,0.0025399129172714078,0.0
TTGAGT,0.000725689404934688,0,725689.4049346879
TTGATA,0.000725689404934688,0,725689.4049346879
TTGATT,0,0.0010885341074020319,0.0
TTGCAA,0.000362844702467344,0,362844.70246734394
TTGCAT,0.000725689404934688,0.001451378809869376,0.4999996555002374
TTGCCG,0.000362844702467344,0,362844.70246734394
TTGCCT,0.000362844702467344,0,362844.70246734394
TTGCGA,0,0.001451378809869376,0.0
TTGCGC,0,0.001451378809869376,0.0
TTGCGG,0.000725689404934688,0.000725689404934688,0.9999986220018988
TTGCGT,0.000362844702467344,0,362844.70246734394
TTGCTC,0,0.000362844702467344,0.0
TTGCTG,0.000362844702467344,0.0010885341074020319,0.33333302711139245
TTGCTT,0.000725689404934688,0,725689.4049346879
TTGGAA,0,0.000362844702467344,0.0
TTGGCA,0.000725689404934688,0,725689.4049346879
TTGGCG,0,0.0010885341074020319,0.0
TTGGCT,0,0.000362844702467344,0.0
TTGGGA,0.000362844702467344,0,362844.70246734394
TTGGGT,0.000362844702467344,0,362844.70246734394
TTGGTG,0.000362844702467344,0,362844.70246734394
TTGTAA,0.0010885341074020319,0,1088534.1074020318
TTGTAC,0.000362844702467344,0.000725689404934688,0.4999993110009494
TTGTAG,0,0.0010885341074020319,0.0
TTGTAT,0.000362844702467344,0,362844.70246734394
TTGTCA,0.00181422351233672,0.0010885341074020319,1.6666651355569624
TTGTCC,0,0.000725689404934688,0.0
TTGTCG,0.000725689404934688,0,725689.4049346879
TTGTCT,0.000725689404934688,0,725689.4049346879
TTGTGA,0.000362844702467344,0,362844.70246734394
TTGTGC,0.000362844702467344,0,362844.70246734394
TTGTGT,0.001451378809869376,0,1451378.8098693758
TTGTTA,0.00181422351233672,0,1814223.5123367198
TTGTTC,0.000362844702467344,0,362844.70246734394
TTGTTG,0.0010885341074020319,0.000725689404934688,1.4999979330028481
TTTAAA,0.000362844702467344,0,362844.70246734394
TTTAAC,0.000725689404934688,0,725689.4049346879
TTTAAG,0.000362844702467344,0,362844.70246734394
TTTACA,0.001451378809869376,0,1451378.8098693758
TTTACC,0.000362844702467344,0,362844.70246734394
TTTACG,0.0010885341074020319,0,1088534.1074020318
TTTACT,0,0.000362844702467344,0.0
TTTAGC,0.000362844702467344,0,362844.70246734394
TTTAGG,0.001451378809869376,0,1451378.8098693758
TTTAGT,0.000362844702467344,0,362844.70246734394
TTTATA,0.000362844702467344,0,362844.70246734394
TTTATC,0.000725689404934688,0,725689.4049346879
TTTATG,0.0010885341074020319,0,1088534.1074020318
TTTATT,0.001451378809869376,0,1451378.8098693758
TTTCAG,0.000362844702467344,0,362844.70246734394
TTTCAT,0.000362844702467344,0,362844.70246734394
TTTCCA,0,0.00181422351233672,0.0
TTTCCG,0.000362844702467344,0,362844.70246734394
TTTCCT,0.000362844702467344,0,362844.70246734394
TTTCGC,0.0010885341074020319,0,1088534.1074020318
TTTCGG,0.000362844702467344,0,362844.70246734394
TTTCTA,0.001451378809869376,0,1451378.8098693758
TTTCTC,0.000362844702467344,0,362844.70246734394
TTTCTG,0.0010885341074020319,0,1088534.1074020318
TTTCTT,0.000725689404934688,0.002902757619738752,0.24999991387502968
TTTGAC,0,0.001451378809869376,0.0
TTTGAG,0.000725689404934688,0,725689.4049346879
TTTGAT,0.000362844702467344,0,362844.70246734394
TTTGCC,0.000362844702467344,0,362844.70246734394
TTTGCG,0,0.001451378809869376,0.0
TTTGCT,0.000362844702467344,0.0010885341074020319,0.33333302711139245
TTTGGC,0,0.000725689404934688,0.0
TTTGTA,0,0.000725689404934688,0.0
TTTGTC,0.000362844702467344,0,362844.70246734394
TTTGTG,0.000362844702467344,0,362844.70246734394
TTTGTT,0.0025399129172714078,0,2539912.917271408
TTTTAA,0.000725689404934688,0,725689.4049346879
TTTTAC,0.000362844702467344,0,362844.70246734394
TTTTAG,0.000362844702467344,0,362844.70246734394
TTTTAT,0.001451378809869376,0,1451378.8098693758
TTTTCC,0.000362844702467344,0.0010885341074020319,0.33333302711139245
TTTTCG,0.0010885341074020319,0,1088534.1074020318
TTTTCT,0.001451378809869376,0,1451378.8098693758
TTTTGA,0.000362844702467344,0,362844.70246734394
TTTTGC,0.000362844702467344,0.0025399129172714078,0.14285708661226704
TTTTGG,0,0.000725689404934688,0.0
TTTTGT,0.001451378809869376,0,1451378.8098693758
TTTTTA,0.0010885341074020319,0,1088534.1074020318
TTTTTC,0.00181422351233672,0,1814223.5123367198
TTTTTG,0.0010885341074020319,0.001451378809869376,0.749999483250356
TTTTTT,0.002902757619738752,0.001451378809869376,1.9999986220009496
